date,V_usd,ret_pct_from_t0,drawdown_pct
2022-11-17,99999.99999999999,0.0,0.0
2022-11-18,101643.3346405031,1.6433346405031246,0.0
2022-11-21,101672.00778722097,1.672007787220986,0.0
2022-11-22,102708.12170907564,2.7081217090756615,0.0
2022-11-23,103258.54593310937,3.2585459331093913,0.0
2022-11-24,103258.54593310937,3.2585459331093913,0.0
2022-11-25,103365.42945176965,3.365429451769675,0.0
2022-11-28,102613.98496132945,2.613984961329474,-0.7269785405291884
2022-11-29,102256.25564596867,2.2562556459686967,-1.0730607048060725
2022-11-30,104144.62064531156,4.144620645311581,0.0
2022-12-01,105107.38837848495,5.107388378484967,0.0
2022-12-02,104668.06579118154,4.668065791181553,-0.41797498166488145
2022-12-05,102856.84701911313,2.856847019113151,-2.1411828360416996
2022-12-06,101407.311429574,1.4073114295739986,-3.5202824520643716
2022-12-07,101394.49104719762,1.3944910471976435,-3.53247986518076
2022-12-08,101438.8128504393,1.4388128504393194,-3.4903117512875004
2022-12-09,100732.76349609104,0.7327634960910601,-4.16205268714428
2022-12-12,102187.88654012002,2.187886540120032,-2.777637122760568
2022-12-13,102139.60178761519,2.1396017876152085,-2.823575617903229
2022-12-14,102006.82697651802,2.006826976518039,-2.949898622542124
2022-12-15,99655.52124002409,-0.34447875997589694,-5.186949483350345
2022-12-16,98511.78298671076,-1.488217013289217,-6.275111096875352
2022-12-19,97362.42766972858,-2.6375723302713983,-7.36861682916834
2022-12-20,97422.79327474054,-2.57720672525944,-7.311184515471614
2022-12-21,98261.74285272909,-1.738257147270894,-6.513001256491247
2022-12-22,97719.57503295495,-2.280424967045036,-7.02882400514696
2022-12-23,97449.2179661769,-2.5507820338230847,-7.286043855196422
2022-12-26,97449.2179661769,-2.5507820338230847,-7.286043855196422
2022-12-27,97141.65943781346,-2.858340562186523,-7.578657469813066
2022-12-28,96404.2981509335,-3.5957018490664905,-8.280188825748558
2022-12-29,98121.35049188118,-1.8786495081188015,-6.646571658166877
2022-12-30,97730.02165280592,-2.269978347194057,-7.01888500845782
2023-01-02,97730.02165280592,-2.269978347194057,-7.01888500845782
2023-01-03,97287.48576133391,-2.712514238666075,-7.439917153104469
2023-01-04,98474.95845247575,-1.5250415475242307,-6.310146249782401
2023-01-05,97115.11098595898,-2.8848890140410033,-7.603915876728184
2023-01-06,98355.37541204327,-1.6446245879567112,-6.423918499552206
2023-01-09,97703.18769180584,-2.2968123081941405,-7.044415051030528
2023-01-10,98561.6658735704,-1.4383341264295857,-6.227652124076966
2023-01-11,99488.88612703115,-0.511113872968838,-5.345487446821473
2023-01-12,99852.6430371696,-0.14735696283038058,-4.999406247630612
2023-01-13,100616.40019592646,0.6164001959264809,-4.272761650576584
2023-01-16,100616.40019592646,0.6164001959264809,-4.272761650576584
2023-01-17,101629.34473025569,1.6293447302557107,-3.3090382149968844
2023-01-18,100699.81299327184,0.6998129932718644,-4.19340205594464
2023-01-19,100055.72055498582,0.05572055498583861,-4.806196692194842
2023-01-20,101233.20245725276,1.23320245725278,-3.6859311043687004
2023-01-23,102150.54146082012,2.1505414608201434,-2.813167526356386
2023-01-24,101408.03542051799,1.4080354205179946,-3.5195936413583206
2023-01-25,101395.7390627363,1.395739062736312,-3.531292493333793
2023-01-26,102776.17210678196,2.7761721067819822,-2.2179375852327543
2023-01-27,102642.56644971261,2.6425664497126355,-2.345051063296011
2023-01-30,101494.18023270593,1.4941802327059328,-3.437634786213206
2023-01-31,102358.17600813897,2.35817600813899,-2.6156223770361864
2023-02-01,103278.95651816903,3.2789565181690516,-1.7395845225759543
2023-02-02,103587.38029589178,3.5873802958917844,-1.446147702880518
2023-02-03,102580.45105830336,2.580451058303379,-2.404148137600237
2023-02-06,101382.06488649477,1.3820648864947938,-3.544302212681305
2023-02-07,102557.40958822965,2.5574095882296755,-2.4260699743323344
2023-02-08,101163.90286364502,1.1639028636450277,-3.751863285423551
2023-02-09,100530.69322190958,0.530693221909595,-4.354303943025384
2023-02-10,101249.77691487072,1.2497769148707372,-3.670162034397828
2023-02-13,101904.49824246799,1.9044982424680112,-3.047254988853454
2023-02-14,101453.20349031544,1.4532034903154578,-3.476620382775586
2023-02-15,102442.1516398144,2.442151639814427,-2.5357272973743794
2023-02-16,101100.78140240621,1.1007814024062146,-3.8119175425148977
2023-02-17,101543.82081636011,1.5438208163601308,-3.3904063425994946
2023-02-20,101543.82081636011,1.5438208163601308,-3.3904063425994946
2023-02-21,99631.22075294556,-0.3687792470544182,-5.210069158811226
2023-02-22,101044.80681843113,1.044806818431132,-3.8651722040935144
2023-02-23,101747.21900829546,1.7472190082954864,-3.196891695272386
2023-02-24,100828.27843536084,0.828278435360863,-4.071179019038418
2023-02-27,101087.58243590512,1.0875824359051434,-3.8244751435596136
2023-02-28,102103.76072376964,2.1037607237696543,-2.857675089309075
2023-03-01,101608.29194191193,1.6082919419119435,-3.329068004213931
2023-03-02,102183.62724088252,2.183627240882524,-2.781689453717706
2023-03-03,103054.23690730076,3.054236907300778,-1.953384536385705
2023-03-06,101937.22357463997,1.9372235746399902,-3.0161198491864494
2023-03-07,100679.73929176037,0.679739291760395,-4.212500334211422
2023-03-08,100117.26012052027,0.11726012052029056,-4.747647463178851
2023-03-09,98946.73159325357,-1.0532684067464104,-5.861297555075051
2023-03-10,97710.49812762436,-2.289501872375621,-7.037459844616112
2023-03-13,98106.99442848888,-1.8930055715111083,-6.660230130338796
2023-03-14,99201.23493326218,-0.7987650667378055,-5.619161065971012
2023-03-15,98581.10424237794,-1.4188957576220407,-6.209158306365936
2023-03-16,101134.2342258142,1.1342342258142235,-3.780090261936364
2023-03-17,99642.8585644346,-0.3571414355653779,-5.198996852983273
2023-03-20,100484.64953103193,0.4846495310319332,-4.398110274424127
2023-03-21,102030.29052359791,2.030290523597933,-2.9275752184105275
2023-03-22,100201.97947501231,0.20197947501232605,-4.667044799751441
2023-03-23,100575.18439454405,0.5751843945440704,-4.311974689753228
2023-03-24,101722.51450958023,1.722514509580253,-3.2203957505974823
2023-03-27,101612.16006202233,1.6121600620223386,-3.3253878441699247
2023-03-28,101671.85773134875,1.6718577313487692,-3.268591009763344
2023-03-29,102817.7113715639,2.8177113715639246,-2.1784168004213678
2023-03-30,102850.86673706226,2.8508667370622742,-2.146872523648957
2023-03-31,104261.64446229032,4.261644462290337,-0.804647446047424
2023-04-03,103871.60169009236,3.8716016900923744,-1.1757372221471218
2023-04-04,103721.79603248388,3.721796032483904,-1.3182635087570005
2023-04-05,103964.38231556425,3.9643823155642632,-1.0874650017987375
2023-04-06,104028.8670811148,4.028867081114829,-1.0261136862105835
2023-04-07,104028.8670811148,4.028867081114829,-1.0261136862105835
2023-04-10,103983.4257075174,3.9834257075174184,-1.0693469681886003
2023-04-11,104058.28858957237,4.058288589572379,-0.9981218305366246
2023-04-12,104671.73290847181,4.671732908471826,-0.4144860572925402
2023-04-13,106109.72317582337,6.109723175823389,0.0
2023-04-14,105527.10887436094,5.527108874360964,-0.5490677800535138
2023-04-17,105571.05491986299,5.5710549198630055,-0.507652116920343
2023-04-18,105436.48646193153,5.436486461931556,-0.634472217759241
2023-04-19,106036.12905481755,6.036129054817563,-0.06935662331705172
2023-04-20,105225.02031726342,5.22502031726344,-0.8337622906564368
2023-04-21,105794.87988152268,5.7948798815226965,-0.2967148390152663
2023-04-24,106436.44182060043,6.436441820600458,0.0
2023-04-25,104085.68899217663,4.08568899217665,-2.208597721056871
2023-04-26,102991.16300791688,2.9911630079169083,-3.2369353519827393
2023-04-27,104338.9778355142,4.338977835514224,-1.9706258018485134
2023-04-28,105126.97157345877,5.126971573458783,-1.2302837493842533
2023-05-01,105573.84787423667,5.573847874236693,-0.810431024946956
2023-05-02,105023.7385525744,5.023738552574408,-1.327274046239868
2023-05-03,104962.48065650837,4.9624806565083945,-1.3848275448520186
2023-05-04,104705.18245821967,4.705182458219692,-1.6265663646468198
2023-05-05,105838.66239332478,5.8386623933248005,-0.5616304125265814
2023-05-08,106126.28805866433,6.126288058664353,-0.2913980932008897
2023-05-09,106080.97131008105,6.080971310081074,-0.33397443999352294
2023-05-10,106721.35564032079,6.721355640320814,0.0
2023-05-11,106478.17623989444,6.478176239894462,-0.22786386001872883
2023-05-12,106269.53786850581,6.2695378685058145,-0.42336209946369774
2023-05-15,106051.42339581653,6.051423395816546,-0.627739631383728
2023-05-16,105274.4408435174,5.274440843517403,-1.3557874973776363
2023-05-17,105001.10548814638,5.001105488146385,-1.611908077678581
2023-05-18,105062.68553589575,5.062685535895772,-1.554206367107247
2023-05-19,105312.62066844323,5.312620668443246,-1.3200122538036152
2023-05-22,105962.70793792153,5.962707937921552,-0.7108677526137419
2023-05-23,103602.2418768817,3.6022418768817177,-2.922670673291794
2023-05-24,103697.15117907141,3.697151179071434,-2.8337387986728246
2023-05-25,103134.20152030626,3.134201520306279,-3.361233652338702
2023-05-26,103585.19830060058,3.5851983006006005,-2.9386408380061235
2023-05-29,103585.19830060058,3.5851983006006005,-2.9386408380061235
2023-05-30,103083.9045917278,3.083904591727804,-3.408362859306402
2023-05-31,103719.71046364696,3.7197104636469636,-2.8126003072807326
2023-06-01,104399.13319927677,4.3991331992767835,-2.1759678998742538
2023-06-02,105763.81527707915,5.763815277079165,-0.8972340704411663
2023-06-05,106234.18441520838,6.234184415208399,-0.45648897747729844
2023-06-06,105976.50873752909,5.976508737529107,-0.6979361331409972
2023-06-07,105010.23508583677,5.010235085836778,-1.6033534658713933
2023-06-08,105951.93009885403,5.951930098854041,-0.7209667988663182
2023-06-09,105862.74846196831,5.862748461968326,-0.8045317389391293
2023-06-12,106491.68330201633,6.491683302016349,-0.21520747832187714
2023-06-13,107630.14012009991,7.630140120099926,0.0
2023-06-14,108391.85522459018,8.391855224590206,0.0
2023-06-15,110134.50935672518,10.134509356725196,0.0
2023-06-16,110229.14021554438,10.229140215544398,0.0
2023-06-19,110229.14021554438,10.229140215544398,0.0
2023-06-20,109089.73066439082,9.08973066439085,-1.033673626525189
2023-06-21,108694.20304395114,8.694203043951166,-1.3924967287160084
2023-06-22,109353.06857552021,9.35306857552023,-0.794773177320518
2023-06-23,108814.87963388243,8.814879633882455,-1.2830187905815804
2023-06-26,108639.81283027964,8.63981283027966,-1.4418395917422
2023-06-27,109350.97216957297,9.35097216957299,-0.7966750391540933
2023-06-28,109584.03157480728,9.584031574807295,-0.5852432845576461
2023-06-29,110283.18927726801,10.283189277268034,0.0
2023-06-30,111564.78508741941,11.564785087419427,0.0
2023-07-03,110334.6509948699,10.334650994869921,-1.1026186189357245
2023-07-04,110334.6509948699,10.334650994869921,-1.1026186189357245
2023-07-05,110375.10305072211,10.375103050722135,-1.0663598157474974
2023-07-06,109602.4011184333,9.602401118433313,-1.7589636079596516
2023-07-07,108735.40805075654,8.735408050756543,-2.5360843338207872
2023-07-10,109651.57201492859,9.651572014928611,-1.7148897575446131
2023-07-11,110237.12444450964,10.23712444450966,-1.1900355850364863
2023-07-12,109598.61296583859,9.598612965838615,-1.7623590813536483
2023-07-13,110336.69031429752,10.336690314297536,-1.1007906949846102
2023-07-14,110390.40037935127,10.390400379351284,-1.0526482053883957
2023-07-17,111342.92607183612,11.342926071836136,-0.1988611508635496
2023-07-18,111222.09571487214,11.222095714872161,-0.30716625526482355
2023-07-19,110837.48015602402,10.837480156024037,-0.6519126360755356
2023-07-20,111300.23824092367,11.300238240923699,-0.23712396908078803
2023-07-21,112091.68230838556,12.091682308385575,0.0
2023-07-24,111653.77834891193,11.653778348911947,-0.3906658821203779
2023-07-25,111660.68503504683,11.660685035046846,-0.3845042419409639
2023-07-26,111208.43949795964,11.208439497959667,-0.7879646305922527
2023-07-27,108009.66031263936,8.009660312639365,-3.641681444762135
2023-07-28,108561.40833587426,8.561408335874287,-3.149452216087578
2023-07-31,107914.84913396054,7.914849133960544,-3.7262650434077282
2023-08-01,107908.3987621921,7.908398762192115,-3.7320195932865508
2023-08-02,106942.44535394455,6.942445353944571,-4.593772569381615
2023-08-03,106213.42855359174,6.213428553591749,-5.244148034661144
2023-08-04,104229.91484724196,4.229914847241978,-7.013693879189331
2023-08-07,104769.15953778115,4.769159537781165,-6.53261920938858
2023-08-08,104265.8818898701,4.265881889870116,-6.981606714568878
2023-08-09,104139.56761784371,4.139567617843731,-7.094295068802747
2023-08-10,104676.84186343671,4.6768418634367315,-6.614978285854612
2023-08-11,105282.7270483617,5.282727048361724,-6.074451841387408
2023-08-14,106156.1251547825,6.156125154782499,-5.29526993561682
2023-08-15,105404.5626427341,5.404562642734123,-5.965759035763163
2023-08-16,104583.35586829411,4.583355868294126,-6.698379652679865
2023-08-17,103670.04289818127,3.6700428981812916,-7.513170680260428
2023-08-18,103892.99388291336,3.892993882913376,-7.314270119451005
2023-08-21,106109.07671618187,6.109076716181883,-5.337243111174306
2023-08-22,105591.82762484382,5.591827624843826,-5.798694916237768
2023-08-23,106136.21242938435,6.136212429384358,-5.313034612699075
2023-08-24,104920.26967032,4.920269670320021,-6.397809802100774
2023-08-25,105885.2721808265,5.8852721808265285,-5.536905147416771
2023-08-28,106556.9278300183,6.556927830018333,-4.937703105516866
2023-08-29,107334.87313803713,7.334873138037157,-4.2436772045775335
2023-08-30,107491.38664922398,7.491386649223997,-4.104047298090585
2023-08-31,107227.84017250844,7.22784017250846,-4.339164187486954
2023-09-01,107422.52971104113,7.422529711041159,-4.16547642179077
2023-09-04,107422.52971104113,7.422529711041159,-4.16547642179077
2023-09-05,106633.92412311153,6.633924123111545,-4.869012644719428
2023-09-06,106674.16247037769,6.674162470377709,-4.833114934525861
2023-09-07,106255.15682584095,6.255156825840968,-5.2069211223783824
2023-09-08,105535.19068399258,5.535190683992597,-5.849222252151431
2023-09-11,106294.36403542345,6.294364035423472,-5.171943317803529
2023-09-12,105459.53677233141,5.459536772331419,-5.91671513842379
2023-09-13,105560.0822179148,5.560082217914819,-5.827015846279371
2023-09-14,106338.30146217065,6.33830146217067,-5.132745559466456
2023-09-15,105619.19230087941,5.6191923008794165,-5.774282153870336
2023-09-18,105872.79790022832,5.872797900228344,-5.548033788134166
2023-09-19,106215.89497180695,6.215894971806968,-5.241947676735903
2023-09-20,105358.55808712081,5.358558087120824,-6.0068009352742475
2023-09-21,103804.30671832476,3.804306718324768,-7.393390320666837
2023-09-22,103432.80379280089,3.432803792800909,-7.724818057206462
2023-09-25,103384.1572380415,3.3841572380415075,-7.768216955106444
2023-09-26,103119.90705338524,3.1199070533852513,-8.003961641254753
2023-09-27,103407.44073001304,3.407440730013045,-7.7474451266424165
2023-09-28,103820.53662875902,3.8205366287590303,-7.378911181715553
2023-09-29,103057.20840519686,3.057208405196876,-8.05989678907052
2023-10-02,102723.64341754834,2.7236434175483604,-8.357479072411412
2023-10-03,102019.33242103734,2.0193324210373564,-8.985813826611388
2023-10-04,103641.66276649215,3.6416627664921597,-7.538489357886336
2023-10-05,104114.61379918516,4.114613799185163,-7.116557040560744
2023-10-06,105741.99439209222,5.741994392092242,-5.6647271104595776
2023-10-09,105863.36699827072,5.863366998270747,-5.5564473490366195
2023-10-10,106514.60642481956,6.51460642481958,-4.975459167632435
2023-10-11,106390.78011211457,6.39078011211458,-5.085927946541757
2023-10-12,105729.1278912464,5.729127891246422,-5.676205661392919
2023-10-13,106132.28358749182,6.132283587491849,-5.316539638060114
2023-10-16,107092.87069459901,7.092870694599029,-4.459574083323914
2023-10-17,106930.21085013026,6.930210850130281,-4.604687298790921
2023-10-18,106067.32414821394,6.0673241482139595,-5.374491698320183
2023-10-19,104943.84479674288,4.943844796742902,-6.376777798710897
2023-10-20,103703.56399889175,3.703563998891779,-7.483265606110267
2023-10-23,103757.01624747503,3.7570162474750424,-7.435579419693495
2023-10-24,104415.30764083535,4.415307640835375,-6.848299989316809
2023-10-25,102666.70797665491,2.666707976654936,-8.408272708228914
2023-10-26,100612.08576978641,0.612085769786419,-10.241256355682648
2023-10-27,99217.73398148782,-0.7822660185121677,-11.485195031223682
2023-10-30,99947.4135773917,-0.052586422608291716,-10.834228268233737
2023-10-31,101475.6543943645,1.4756543943645006,-9.470843594633848
2023-11-01,101778.0268795079,1.7780268795079213,-9.20108898044979
2023-11-02,103437.18043327169,3.4371804332717026,-7.720913538708151
2023-11-03,103889.56716951099,3.88956716951101,-7.317327182501354
2023-11-06,103995.87561620389,3.9958756162039144,-7.222486562302244
2023-11-07,103889.14173612974,3.889141736129753,-7.317706723045758
2023-11-08,103579.72114202347,3.579721142023473,-7.593749144511952
2023-11-09,102579.38522291197,2.5793852229119896,-8.486175681888197
2023-11-10,103900.759867032,3.900759867032022,-7.307341876463925
2023-11-13,104508.58166001362,4.508581660013622,-6.7650877319419545
2023-11-14,105403.91305071341,5.403913050713416,-5.966338554249562
2023-11-15,104374.38502837151,4.37438502837153,-6.884808150869115
2023-11-16,103332.72868912535,3.3327286891253527,-7.814097744703896
2023-11-17,103979.7127194465,3.9797127194465043,-7.236905916552738
2023-11-20,105524.35229414905,5.524352294149071,-5.858891470794891
2023-11-21,106101.60469229316,6.101604692293172,-5.34390910434599
2023-11-22,106322.30406606212,6.322304066062134,-5.147017266143605
2023-11-23,106322.30406606212,6.322304066062134,-5.147017266143605
2023-11-24,106913.72647674449,6.913726476744508,-4.61939345097483
2023-11-27,106645.01065083098,6.645010650831007,-4.859122055613141
2023-11-28,106744.46511295169,6.744465112951703,-4.7703960591140575
2023-11-29,108050.73711595986,8.050737115959873,-3.605035725405825
2023-11-30,109080.06905237319,9.080069052373197,-2.686741062309017
2023-12-01,109209.0285091148,9.209028509114802,-2.5716928677544826
2023-12-04,108904.18526354874,8.904185263548769,-2.843651713663642
2023-12-05,109100.88957803514,9.100889578035165,-2.668166512232528
2023-12-06,108932.82593343323,8.93282593343323,-2.8181006029169176
2023-12-07,108742.19097532722,8.742190975327224,-2.98817116852903
2023-12-08,109076.77394907025,9.076773949070272,-2.689680712455289
2023-12-11,110296.05123707688,10.29605123707691,-1.6019307002356764
2023-12-12,111400.41456444934,11.400414564449356,-0.6166985183025497
2023-12-13,116609.12112145052,16.609121121450542,0.0
2023-12-14,116710.2146571915,16.710214657191514,0.0
2023-12-15,116756.73981075254,16.756739810752563,0.0
2023-12-18,115988.30022052857,15.988300220528595,-0.658154374188169
2023-12-19,116398.55462603082,16.398554626030837,-0.3067790221808919
2023-12-20,114828.19971234078,14.828199712340794,-1.6517591203194515
2023-12-21,115322.25948702537,15.322259487025391,-1.228606011141009
2023-12-22,116175.12209683066,16.175122096830673,-0.4981448735761229
2023-12-25,116175.12209683066,16.175122096830673,-0.4981448735761229
2023-12-26,116886.64454607498,16.886644546075004,0.0
2023-12-27,116927.97463145157,16.92797463145159,0.0
2023-12-28,117192.84598091089,17.19284598091091,0.0
2023-12-29,116822.45347791871,16.82245347791873,-0.3160538511476352
2024-01-01,116822.45347791871,16.82245347791873,-0.3160538511476352
2024-01-02,116417.63538139804,16.417635381398064,-0.6614828687060981
2024-01-03,115297.34817951014,15.297348179510163,-1.6174176721585054
2024-01-04,115691.63508499731,15.691635084997335,-1.2809748610065341
2024-01-05,115397.07287535504,15.397072875355056,-1.532323146967829
2024-01-08,117142.99603138826,17.142996031388268,-0.042536683110117046
2024-01-09,117685.55920346713,17.68555920346715,0.0
2024-01-10,119109.69930955107,19.109699309551086,0.0
2024-01-11,119631.83536741624,19.63183536741626,0.0
2024-01-12,119518.14497335553,19.518144973355554,-0.09503356168659716
2024-01-15,119518.14497335553,19.518144973355554,-0.09503356168659716
2024-01-16,120151.16546629545,20.151165466295474,0.0
2024-01-17,119295.4475870081,19.29544758700812,-0.7122010643562215
2024-01-18,120223.83811648401,20.22383811648403,0.0
2024-01-19,121163.41173767493,21.163411737674952,0.0
2024-01-22,122477.9527167059,22.477952716705918,0.0
2024-01-23,122404.71514722286,22.404715147222888,-0.05979653305639987
2024-01-24,120063.4144749685,20.06341447496851,-1.9714064353461902
2024-01-25,120730.79516360383,20.730795163603855,-1.4265078035254897
2024-01-26,120896.86636162722,20.896866361627243,-1.290915074924348
2024-01-29,122038.79231421737,22.038792314217392,-0.35856282110162674
2024-01-30,123158.36013300094,23.158360133000965,0.0
2024-01-31,122449.53037773559,22.449530377735606,-0.5755433528831344
2024-02-01,123001.63578163106,23.00163578163108,-0.12725433433883326
2024-02-02,125292.33489376337,25.29233489376339,0.0
2024-02-05,125298.8779278438,25.298877927843822,0.0
2024-02-06,125076.17826050876,25.076178260508787,-0.17773476587977788
2024-02-07,126286.88412010341,26.286884120103426,0.0
2024-02-08,126376.86166988807,26.376861669888086,0.0
2024-02-09,126963.37957560839,26.963379575608414,0.0
2024-02-12,126898.8800812292,26.898880081229226,-0.0508016520943122
2024-02-13,125630.44458030479,25.63044458030481,-1.0498578407089565
2024-02-14,126296.15023116807,26.29615023116809,-0.5255289727404966
2024-02-15,127058.3673253874,27.058367325387422,0.0
2024-02-16,126831.60296346656,26.831602963466583,-0.17847259231665857
2024-02-19,126831.60296346656,26.831602963466583,-0.17847259231665857
2024-02-20,126862.69112816581,26.86269112816584,-0.15400496743396275
2024-02-21,120242.7460169621,20.242746016962123,-5.364165660157571
2024-02-22,121703.85080360372,21.703850803603753,-4.21421794919743
2024-02-23,123158.67687899238,23.158676878992402,-3.069211834281005
2024-02-26,123867.78872553879,23.86778872553881,-2.511112543794747
2024-02-27,124748.44793189544,24.748447931895456,-1.8179986427626749
2024-02-28,124469.12126277543,24.469121262775452,-2.0378398661310526
2024-02-29,123349.55173472708,23.349551734727104,-2.9189857139926167
2024-03-01,123622.89759353598,23.622897593535995,-2.70385162675153
2024-03-04,123575.00009562605,23.575000095626073,-2.7415488669397914
2024-03-05,122167.3441204322,22.16734412043222,-3.84943023266594
2024-03-06,122117.58325658074,22.11758325658075,-3.888594016129354
2024-03-07,124262.3841493387,24.262384149338722,-2.200550215546515
2024-03-08,123640.90786297104,23.640907862971062,-2.6896768267645754
2024-03-11,123649.62837420899,23.64962837420901,-2.6828134367954504
2024-03-12,123712.91614793372,23.71291614793374,-2.633003436039927
2024-03-13,124702.02494356564,24.70202494356566,-1.854535385133138
2024-03-14,123939.55584128073,23.939555841280757,-2.454628962860528
2024-03-15,123228.25355994889,23.228253559948907,-3.014452212839991
2024-03-18,124062.11928563069,24.06211928563071,-2.3581666464228435
2024-03-19,125111.42542870644,25.111425428706458,-1.5323208834369662
2024-03-20,124481.11008006708,24.481110080067104,-2.0284041890134996
2024-03-21,125686.43911154491,25.686439111544935,-1.079762193330469
2024-03-22,125343.8119228103,25.34381192281032,-1.3494234489777823
2024-03-25,124715.36609794556,24.71536609794558,-1.8440353648190522
2024-03-26,125322.32039521703,25.322320395217048,-1.366338137908285
2024-03-27,125896.25756058935,25.896257560589376,-0.9146267099607641
2024-03-28,126338.44869093566,26.33844869093569,-0.5666046633576505
2024-03-29,126338.44869093566,26.33844869093569,-0.5666046633576505
2024-04-01,125447.77335563314,25.447773355633153,-1.26760165714207
2024-04-02,123990.36942173316,23.99036942173318,-2.414636649467805
2024-04-03,123321.02538778407,23.32102538778409,-2.9414370861796657
2024-04-04,121912.22427801654,21.912224278016556,-4.050219718463688
2024-04-05,123183.2665020288,23.18326650202882,-3.049858820737672
2024-04-08,122791.87462451796,22.791874624517973,-3.357899830353761
2024-04-09,123639.76335567972,23.639763355679744,-2.6905775996262205
2024-04-10,122365.22982855164,22.36522982855167,-3.693686292077847
2024-04-11,122377.83469379142,22.377834693791442,-3.6837657606676677
2024-04-12,121046.62518473253,21.046625184732548,-4.731480710167812
2024-04-15,120117.86220186485,20.117862201864867,-5.46245420087007
2024-04-16,120414.58129803484,20.41458129803486,-5.228924444100791
2024-04-17,119401.4982285674,19.401498228567426,-6.026261204200189
2024-04-18,119489.52461227977,19.489524612279794,-5.956980931231682
2024-04-19,119493.75486657185,19.493754866571877,-5.953651552473616
2024-04-22,120730.11150908597,20.73011150908599,-4.980589590054485
2024-04-23,122846.25251038055,22.846252510380573,-3.3151022665196983
2024-04-24,121654.54146064133,21.65454146064134,-4.253026367722212
2024-04-25,120838.49470591606,20.838494705916077,-4.895287693680728
2024-04-26,119994.89695269083,19.994896952690855,-5.559232753721388
2024-04-29,120359.46183526085,20.359461835260873,-5.272305658525522
2024-04-30,119528.84309039282,19.528843090392844,-5.926035721608169
2024-05-01,119903.65127891258,19.903651278912605,-5.631046736301981
2024-05-02,120619.3237849015,20.61932378490152,-5.0677839453075695
2024-05-03,121027.03357711792,21.027033577117948,-4.7469000863387905
2024-05-06,121718.02981378335,21.718029813783367,-4.203058502969615
2024-05-07,122781.08892547125,22.78108892547126,-3.3663886054527525
2024-05-08,122866.87369340086,22.86687369340088,-3.2988725734625746
2024-05-09,123412.4750349793,23.41247503497932,-2.869462568388925
2024-05-10,123838.99902751531,23.838999027515317,-2.5337711837800647
2024-05-13,123723.95686108821,23.723956861088237,-2.624313954672497
2024-05-14,124605.73865387113,24.605738653871146,-1.9303165333734107
2024-05-15,127287.173851258,27.28717385125803,0.0
2024-05-16,128139.75469766876,28.139754697668785,0.0
2024-05-17,128603.16640810101,28.603166408101032,0.0
2024-05-20,129085.17007038907,29.08517007038909,0.0
2024-05-21,128202.07705376361,28.20207705376363,-0.6841165535467097
2024-05-22,128424.51027125269,28.4245102712527,-0.5118014709018293
2024-05-23,127236.86457601828,27.236864576018306,-1.4318496023694394
2024-05-24,128716.74062718707,28.7167406271871,-0.28541577859105827
2024-05-27,128716.74062718707,28.7167406271871,-0.28541577859105827
2024-05-28,126137.6764906346,26.137676490634632,-2.2833711867499717
2024-05-29,125216.2441110567,25.216244111056717,-2.9971885672247844
2024-05-30,124830.7705195697,24.83077051956972,-3.295808146280066
2024-05-31,126019.17898365387,26.01917898365389,-2.3751691112645523
2024-06-03,127032.61369129697,27.03261369129699,-1.5900791531458291
2024-06-04,127032.36967760124,27.032369677601253,-1.590268186243593
2024-06-05,127979.74352337504,27.979743523375067,-0.8563544103565413
2024-06-06,128165.79459440836,28.16579459440838,-0.7122239336086245
2024-06-07,128276.09387998517,28.276093879985197,-0.6267770263328587
2024-06-10,128347.32772814558,28.34732772814561,-0.5715934230408837
2024-06-11,128315.36088355664,28.31536088355666,-0.596357572610906
2024-06-12,129038.16412177039,29.038164121770404,-0.03641467768377149
2024-06-13,128711.3608096817,28.71136080968173,-0.28958342813781845
2024-06-14,128319.82108681253,28.319821086812546,-0.5929023319713678
2024-06-17,128063.5407294511,28.06354072945112,-0.791438195712868
2024-06-18,128278.87213043474,28.278872130434763,-0.6246247648081127
2024-06-19,128278.87213043474,28.278872130434763,-0.6246247648081127
2024-06-20,128062.07634218474,28.06207634218476,-0.7925726306487801
2024-06-21,129425.65592697279,29.425655926972816,0.0
2024-06-24,129719.76868655195,29.719768686551973,0.0
2024-06-25,129863.4350517999,29.863435051799915,0.0
2024-06-26,129923.41186029346,29.92341186029348,0.0
2024-06-27,131411.67130773867,31.411671307738676,0.0
2024-06-28,130454.02359569693,30.454023595696956,-0.7287387052548278
2024-07-01,129596.36309064263,29.59636309064264,-1.3813904039352565
2024-07-02,129951.89390889194,29.951893908891968,-1.1108430357211097
2024-07-03,129754.89682411525,29.754896824115274,-1.2607513983621699
2024-07-04,129754.89682411525,29.754896824115274,-1.2607513983621699
2024-07-05,130161.36438462087,30.161364384620892,-0.9514428289933541
2024-07-08,130383.45881140098,30.38345881140101,-0.7824362068494128
2024-07-09,131073.0968574602,31.073096857460204,-0.25764412468783915
2024-07-10,132026.27118714308,32.026271187143095,0.0
2024-07-11,131987.475988893,31.98747598889302,-0.029384453488867646
2024-07-12,131767.6740406956,31.767674040695603,-0.19586794667625362
2024-07-15,131953.16002361305,31.95316002361306,-0.05537622389290009
2024-07-16,131755.07242195526,31.755072421955276,-0.2054127278982243
2024-07-17,131433.05970657084,31.433059706570866,-0.44931321261916235
2024-07-18,129976.05060573076,29.976050605730787,-1.5528883478850952
2024-07-19,130090.52278411144,30.090522784111464,-1.4661842568345906
2024-07-22,131605.4612463598,31.605461246359813,-0.3187319743256145
2024-07-23,131788.96981920965,31.78896981920967,-0.17973799138586433
2024-07-24,131445.8862478652,31.445886247865197,-0.4395980694290924
2024-07-25,124792.5879589903,24.79258795899033,-5.478972603792808
2024-07-26,127400.66075510437,27.40066075510439,-3.503553035654583
2024-07-29,127804.76411933357,27.80476411933359,-3.1974750402710805
2024-07-30,128372.14644269217,28.37214644269219,-2.7677254773569304
2024-07-31,127914.66363137141,27.91466363137143,-3.1142344010788525
2024-08-01,127494.78047679577,27.49478047679579,-3.4322644043503048
2024-08-02,125276.74745152697,25.276747451526994,-5.112258094488542
2024-08-05,121892.9623975086,21.89296239750862,-7.67522152865382
2024-08-06,123037.519102486,23.037519102486016,-6.808305652983115
2024-08-07,122203.10067194549,22.203100671945506,-7.440315042506618
2024-08-08,124507.56433562451,24.507564335624533,-5.694856625058387
2024-08-09,126001.74607569583,26.001746075695852,-4.563126003087426
2024-08-12,125723.15033728689,25.723150337286917,-4.774141383514285
2024-08-13,126688.1050164534,26.688105016453424,-4.043260574346608
2024-08-14,127603.36650792821,27.60336650792823,-3.350018628448226
2024-08-15,128612.43103993962,28.612431039939644,-2.585727913472957
2024-08-16,128722.93635686826,28.72293635686829,-2.502028422504221
2024-08-19,130100.3400883428,30.100340088342815,-1.4587483850621918
2024-08-20,131828.3619015959,31.828361901595926,-0.14990144292317265
2024-08-21,131526.10967280393,31.526109672803937,-0.3788348408554132
2024-08-22,130764.69277091653,30.764692770916557,-0.9555510466839556
2024-08-23,131096.73294080002,31.09673294080004,-0.7040555171216378
2024-08-26,130399.18155449843,30.399181554498455,-1.2323983840597186
2024-08-27,130929.73040819509,30.929730408195113,-0.8305474123355916
2024-08-28,131269.0082645319,31.269008264531916,-0.573569878026603
2024-08-29,132755.27537184567,32.755275371845684,0.0
2024-08-30,133546.67844980853,33.54667844980854,0.0
2024-09-02,133546.67844980853,33.54667844980854,0.0
2024-09-03,130794.35496852234,30.794354968522363,-2.060944916964458
2024-09-04,131004.73758732383,31.00473758732385,-1.9034100226162143
2024-09-05,129308.79039782725,29.308790397827277,-3.1733384170794077
2024-09-06,128525.96593554923,28.52596593554926,-3.759518823335062
2024-09-09,129599.73785856111,29.599737858561138,-2.9554764199776096
2024-09-10,130353.77391765155,30.353773917651573,-2.3908528233122506
2024-09-11,130040.38355676833,30.040383556768347,-2.6255201055846444
2024-09-12,130773.73090762197,30.77373090762199,-2.0763882519389876
2024-09-13,131597.0932556497,31.59709325564972,-1.4598530018038236
2024-09-16,132368.26905020484,32.368269050204844,-0.8823951394991703
2024-09-17,130547.48236701968,30.547482367019697,-2.245803577897343
2024-09-18,129550.74185865399,29.550741858654007,-2.9921647153930198
2024-09-19,130515.53516198808,30.515535161988105,-2.2697257041549457
2024-09-20,129753.82871878996,29.753828718789975,-2.840092898636981
2024-09-23,129923.5902022163,29.92359020221633,-2.7129751856418527
2024-09-24,129781.77590197211,29.78177590197213,-2.8191659961437354
2024-09-25,128866.94192656703,28.866941926567048,-3.5041953701606343
2024-09-26,129311.04044251703,29.311040442517044,-3.1716535794511724
2024-09-27,129288.90285967807,29.28890285967809,-3.1882302424546483
2024-09-30,129993.58828293641,29.993588282936436,-2.6605604932416926
2024-10-01,129203.7838070784,29.20378380707842,-3.2519675465850995
2024-10-02,128908.64827264266,28.90864827264268,-3.4729655810264104
2024-10-03,128283.64218226749,28.28364218226751,-3.9409712983008216
2024-10-04,128919.5487869756,28.919548786975625,-3.4648032557185404
2024-10-07,127098.85308481137,27.09885308481139,-4.828143567359843
2024-10-08,130430.3151174371,30.430315117437125,-2.3335386312454576
2024-10-09,131624.243240059,31.624243240059013,-1.4395230432271977
2024-10-10,132446.5831695204,32.4465831695204,-0.8237533820068643
2024-10-11,133476.02259243233,33.476022592432344,-0.05290723677771059
2024-10-14,134477.64197502157,34.47764197502159,0.0
2024-10-15,134325.70460650016,34.325704606500175,-0.1129833675620473
2024-10-16,134208.12098068482,34.20812098068484,-0.20042067244666617
2024-10-17,135863.23747429505,35.863237474295076,0.0
2024-10-18,135462.80435500314,35.46280435500315,-0.29473250213669644
2024-10-21,134897.60428154696,34.897604281546975,-0.7107391305398503
2024-10-22,133649.75555857955,33.649755558579564,-1.629198565310419
2024-10-23,132904.22752895416,32.904227528954166,-2.1779327508670066
2024-10-24,133371.20438721494,33.371204387214945,-1.8342217758145152
2024-10-25,132189.5758316303,32.189575831630314,-2.703940897448287
2024-10-28,131747.8143555091,31.747814355509107,-3.0290924868948355
2024-10-29,131559.2539697257,31.5592539697257,-3.1678793944415307
2024-10-30,131247.01162867455,31.24701162867456,-3.3977004607253503
2024-10-31,130346.6343471602,30.34663434716023,-4.060409003707555
2024-11-01,130426.38811566099,30.426388115661005,-4.001707496233264
2024-11-04,130411.39403334368,30.411394033343697,-4.012743654796869
2024-11-05,132979.74266420698,32.979742664207,-2.1223510227581732
2024-11-06,134876.2215053203,34.87622150532032,-0.7264775868170203
2024-11-07,135318.83432437456,35.31883432437459,-0.40069937978880477
2024-11-08,137268.30238633862,37.26830238633865,0.0
2024-11-11,136907.8997549897,36.907899754989714,-0.2625534264528051
2024-11-12,135697.1940580187,35.697194058018724,-1.1445528945918326
2024-11-13,136600.73381938247,36.60073381938249,-0.48632390388080315
2024-11-14,134516.3680112966,34.51636801129663,-2.0047850284450552
2024-11-15,133071.64736528872,33.07164736528874,-3.0572644580673103
2024-11-18,133780.71919650194,33.78071919650196,-2.540705413563682
2024-11-19,132603.9747122276,32.603974712227604,-3.3979641279334727
2024-11-20,133356.40641423492,33.35640641423494,-2.849817404380617
2024-11-21,134481.1572707083,34.48115727070831,-2.030436063663088
2024-11-22,133928.20250821192,33.92820250821194,-2.4332637761673936
2024-11-25,135137.14457730675,35.13714457730677,-1.5525491114720458
2024-11-26,136511.05964310066,36.51105964310069,-0.5516515685512924
2024-11-27,136198.74674434782,36.198746744347844,-0.7791716101948731
2024-11-28,136198.74674434782,36.198746744347844,-0.7791716101948731
2024-11-29,136413.07696967307,36.413076969673085,-0.6230319759171654
2024-12-02,135635.28493030366,35.635284930303676,-1.189653712944494
2024-12-03,134923.9447514598,34.923944751459835,-1.70786524938632
2024-12-04,136978.68224199713,36.97868224199714,-0.21098836315929237
2024-12-05,135871.9431635952,35.87194316359521,-1.017248118078573
2024-12-06,135721.30976700626,35.72130976700627,-1.1269845932663891
2024-12-09,134738.29826316354,34.73829826316355,-1.8431087725223283
2024-12-10,134768.2699954079,34.76826999540792,-1.8212743564748335
2024-12-11,135657.8013122189,35.65780131221889,-1.1732505218772338
2024-12-12,135253.03337235525,35.25303337235526,-1.4681240890642377
2024-12-13,134562.10289329174,34.56210289329176,-1.9714671530142058
2024-12-16,135621.6847490984,35.621684749098435,-1.1995614490851958
2024-12-17,135071.78999877215,35.07178999877216,-1.6001599417937218
2024-12-18,130587.65977775438,30.587659777754396,-4.866850170392379
2024-12-19,127739.77788794684,27.739777887946858,-6.941532992499577
2024-12-20,128229.38444551057,28.229384445510597,-6.584854466538248
2024-12-23,129097.76639418805,29.097766394188064,-5.952237953052542
2024-12-24,130062.80615218589,30.062806152185907,-5.249206196105649
2024-12-25,130062.80615218589,30.062806152185907,-5.249206196105649
2024-12-26,130388.19957346012,30.38819957346015,-5.0121569898304745
2024-12-27,129535.06660673679,29.535066606736816,-5.633664615328904
2024-12-30,127803.66935643477,27.80366935643479,-6.894988038291494
2024-12-31,127649.13414214698,27.649134142147002,-7.007566988858571
2025-01-01,127649.13414214698,27.649134142147002,-7.007566988858571
2025-01-02,127128.94271853437,27.12894271853439,-7.386526599030308
2025-01-03,128340.39323223279,28.340393232232806,-6.5039845316790075
2025-01-06,127173.13246398194,27.173132463981965,-7.354334356043868
2025-01-07,127166.40913395767,27.166409133957693,-7.359232304009556
2025-01-08,127552.3509836939,27.55235098369393,-7.078073549201025
2025-01-09,127552.3509836939,27.55235098369393,-7.078073549201025
2025-01-10,126241.00452253906,26.24100452253908,-8.033389844629578
2025-01-13,125663.21659354416,25.66321659354418,-8.454308526474087
2025-01-14,126192.80511276974,26.192805112769758,-8.068503129292836
2025-01-15,127715.84155965832,27.715841559658337,-6.95897061493127
2025-01-16,128145.89592457557,28.14589592457559,-6.645675879408952
2025-01-17,128326.62854772611,28.32662854772614,-6.51401210852478
2025-01-20,128326.62854772611,28.32662854772614,-6.51401210852478
2025-01-21,130155.37877446132,30.15537877446135,-5.181767012648065
2025-01-22,131309.95268407976,31.30995268407979,-4.340659568652061
2025-01-23,132076.3004761468,32.07630047614683,-3.782374969262048
2025-01-24,132224.1567447102,32.22415674471022,-3.674661632684717
2025-01-27,133273.78294379657,33.27378294379659,-2.9100086277016546
2025-01-28,134160.18393485236,34.160183934852384,-2.2642652363679128
2025-01-29,131901.67276539246,31.901672765392487,-3.909591309610505
2025-01-30,132932.65250642155,32.93265250642157,-3.1585222549882497
2025-01-31,133281.04200238458,33.281042002384595,-2.9047204013144867
2025-02-03,132918.1060258562,32.91810602585621,-3.1691193705003284
2025-02-04,133879.90183622672,33.879901836226736,-2.468450830385671
2025-02-05,135227.05181932205,35.227051819322064,-1.4870516583438964
2025-02-06,134415.9704061789,34.41597040617892,-2.0779247142809987
2025-02-07,134075.37727298724,34.07537727298726,-2.3260469153067564
2025-02-10,134024.04251037043,34.02404251037046,-2.363444305472129
2025-02-11,132542.6797834172,32.54267978341723,-3.4426175021974537
2025-02-12,133772.50641339095,33.77250641339096,-2.5466884285556546
2025-02-13,135402.49318305525,35.40249318305526,-1.3592425715531098
2025-02-14,134707.17626522956,34.70717626522959,-1.8657811574742333
2025-02-17,134707.17626522956,34.70717626522959,-1.8657811574742333
2025-02-18,136086.52232157163,36.086522321571636,-0.8609271362888249
2025-02-19,136415.36289171502,36.415362891715034,-0.6213666810149787
2025-02-20,136180.94582023702,36.18094582023703,-0.792139588818741
2025-02-21,134555.99384983978,34.55599384983981,-1.9759175930253003
2025-02-24,134475.10797842967,34.4751079784297,-2.034842974926254
2025-02-25,134103.03541855759,34.10303541855762,-2.3058979478543074
2025-02-26,134298.5245380123,34.29852453801232,-2.1634840649285003
2025-02-27,133790.93440387995,33.790934403879966,-2.53326363188473
2025-02-28,135421.34699510472,35.42134699510473,-1.3455075637459846
2025-03-03,134661.98572687685,34.661985726876864,-1.8987024783961748
2025-03-04,133575.25241001253,33.57525241001256,-2.69038802995617
2025-03-05,134720.87112870722,34.72087112870723,-1.8558044452693157
2025-03-06,132917.79822262694,32.91779822262695,-3.1693436052463775
2025-03-07,132483.45867832343,32.48345867832345,-3.4857600952537093
2025-03-10,131110.76844449138,31.110768444491388,-4.485765347718074
2025-03-11,131110.67544252565,31.11067544252566,-4.485833099678372
2025-03-12,131480.99929934446,31.480999299344468,-4.2160520574559985
2025-03-13,131236.5468979948,31.2365468979948,-4.394135706120695
2025-03-14,133530.75690114126,33.53075690114127,-2.7228030216896904
2025-03-17,135453.36644082746,35.45336644082748,-1.322181387807253
2025-03-18,134974.7309006836,34.97473090068362,-1.6708675242444682
2025-03-19,135958.7585673175,35.95875856731752,-0.9540030700863733
2025-03-20,135385.47631654676,35.385476316546786,-1.371639363975441
2025-03-21,134429.7685795967,34.42976857959674,-2.067872740753296
2025-03-24,136282.93032703208,36.28293032703209,-0.7178438446286184
2025-03-25,136925.12467977268,36.92512467977269,-0.2500050635142803
2025-03-26,135657.4804844896,35.657480484489625,-1.1734842449754979
2025-03-27,134285.9424679153,34.28594246791532,-2.1726501068174753
2025-03-28,132564.95837232398,32.56495837232401,-3.426387543409104
2025-03-31,132582.42770518883,32.58242770518884,-3.4136611291086694
2025-04-01,132430.41942063207,32.43041942063209,-3.5243992105988386
2025-04-02,133290.85570298016,33.29085570298018,-2.8975711174485275
2025-04-03,130654.59393409423,30.654593934094244,-4.818088617159589
2025-04-04,123813.53972882642,23.81353972882645,-9.801798684480023
2025-04-07,122960.13428957033,22.960134289570355,-10.423504806301365
2025-04-08,121818.87434658596,21.818874346585982,-11.254913021558743
2025-04-09,129133.44095225667,29.133440952256695,-5.926249026659159
2025-04-10,126440.6772649358,26.440677264935818,-7.887928191119242
2025-04-11,128175.71676914432,28.175716769144344,-6.623951385078996
2025-04-14,129910.30930059479,29.910309300594818,-5.360300198828805
2025-04-15,130811.08474951638,30.811084749516393,-4.7040850105718786
2025-04-16,129115.68346059338,29.11568346059341,-5.939185364731814
2025-04-17,129178.11682279164,29.178116822791655,-5.893702641398835
2025-04-18,129178.11682279164,29.178116822791655,-5.893702641398835
2025-04-21,125798.78740855203,25.79878740855206,-8.355545146545118
2025-04-22,128903.60567493193,28.903605674931953,-6.093684096030005
2025-04-23,129631.35267602201,29.63135267602204,-5.563520184596282
2025-04-24,132375.3058984437,32.37530589844373,-3.564549428260344
2025-04-25,133130.8023616796,33.13080236167962,-3.0141700252211967
2025-04-28,133735.14699902365,33.73514699902367,-2.5739047732745934
2025-04-29,135539.13573576263,35.53913573576264,-1.2596984303843817
2025-04-30,135952.6358034119,35.9526358034119,-0.958463505452134
2025-05-01,134865.0123244404,34.865012324440436,-1.7507975403776799
2025-05-02,136572.4658662324,36.57246586623242,-0.5069171163403774
2025-05-05,136352.41267437537,36.35241267437539,-0.6672259334755237
2025-05-06,132856.90307640846,32.85690307640847,-3.213705737770667
2025-05-07,132343.8450450001,32.34384504500012,-3.5874686695539726
2025-05-08,132152.78225841786,32.152782258417886,-3.726657967637159
2025-05-09,131184.2813742333,31.184281374233326,-4.4322111560627935
2025-05-12,134349.87424749407,34.34987424749409,-2.126075785967474
2025-05-13,133699.888806243,33.69988880624302,-2.5995903774291618
2025-05-14,132442.4787925165,32.44247879251652,-3.515613954516583
2025-05-15,134307.66596807717,34.307665968077195,-2.1568245303484557
2025-05-16,135546.38850728373,35.54638850728375,-1.2544147841273667
2025-05-19,135900.50841234968,35.90050841234971,-0.9964383256808373
2025-05-20,136223.89229388715,36.22389229388718,-0.7608530697145177
2025-05-21,132269.60137368532,32.26960137368533,-3.6415552066671353
2025-05-22,132463.9524724254,32.4639524724254,-3.499970372177763
2025-05-23,132620.6460874565,32.62064608745652,-3.3858190260133036
2025-05-26,132620.6460874565,32.62064608745652,-3.3858190260133036
2025-05-27,134586.95494506045,34.58695494506048,-1.953362425748939
2025-05-28,134396.69668468295,34.39669668468297,-2.091965626247494
2025-05-29,134925.71036802584,34.925710368025854,-1.7065789971814516
2025-05-30,135554.15046376782,35.55415046376784,-1.248760196470089
2025-06-02,135983.2020144901,35.983202014490104,-0.9361960113935419
2025-06-03,136457.6135188777,36.45761351887773,-0.5905870862883078
2025-06-04,135820.3391299232,35.82033912992322,-1.0548416722894638
2025-06-05,136096.4772696336,36.09647726963361,-0.8536749536006916
2025-06-06,137386.82328850002,37.38682328850005,0.0
2025-06-09,136297.25892547978,36.297258925479795,-0.7930632188301256
2025-06-10,136268.56604407725,36.26856604407727,-0.8139479592409904
2025-06-11,136111.54953092738,36.11154953092741,-0.9282358577391903
2025-06-12,137347.0847653669,37.3470847653669,-0.02892455199264843
2025-06-13,135949.74444210337,35.949744442103395,-1.0460092256292408
2025-06-16,136103.57143329183,36.10357143329186,-0.9340428903530817
2025-06-17,135270.73713276355,35.270737132763564,-1.540239525949938
2025-06-18,135466.43004183352,35.46643004183354,-1.397800167949037
2025-06-19,135466.43004183352,35.46643004183354,-1.397800167949037
2025-06-20,135022.77899463745,35.022778994637484,-1.7207212724456689
2025-06-23,136503.6994148242,36.50369941482421,-0.6428009997882733
2025-06-24,137110.37695214438,37.110376952144385,-0.20121750378865322
2025-06-25,137314.25896262398,37.314258962623995,-0.05281752946835194
2025-06-26,137363.4230246204,37.36342302462041,-0.017032393150606673
2025-06-27,137346.55400609554,37.346554006095566,-0.029310876720622936
2025-06-30,138480.24552337627,38.4802455233763,0.0
2025-07-01,137773.56132578637,37.773561325786396,-0.5103140848133569
2025-07-02,137559.59452793456,37.55959452793458,-0.6648247856307465
2025-07-03,138893.88770664818,38.89388770664819,0.0
2025-07-04,138893.88770664818,38.89388770664819,0.0
2025-07-07,138457.19018311094,38.45719018311095,-0.3144109008306861
2025-07-08,138741.7779481588,38.741777948158806,-0.10951508450152136
2025-07-09,140278.1897066835,40.278189706683534,0.0
2025-07-10,139500.9409203562,39.50094092035621,-0.5540767156694271
2025-07-11,137719.26603484005,37.71926603484008,-1.8241778548711451
2025-07-14,138580.7592649105,38.58075926491053,-1.2100458705107786
2025-07-15,136972.15649905984,36.97215649905987,-2.356769227302158
2025-07-16,137528.73991173314,37.528739911733155,-1.9599980586428756
2025-07-17,138522.23455400017,38.52223455400019,-1.2517663339931762
2025-07-18,138211.4199188711,38.21141991887114,-1.4733365123501652
2025-07-21,138250.5537815729,38.25055378157292,-1.445439187196751
2025-07-22,138730.74143660616,38.73074143660617,-1.1031282006939258
2025-07-23,139672.25771059666,39.67225771059668,-0.4319502535310882
2025-07-24,140392.28743082518,40.39228743082519,0.0
2025-07-25,142144.4823537231,42.14448235372312,0.0
2025-07-28,140996.32578323226,40.996325783232265,-0.8077391056472316
2025-07-29,141291.75690180232,41.29175690180234,-0.5999004940612562
2025-07-30,139998.73950634658,39.9987395063466,-1.5095505726609226
2025-07-31,137215.47948467138,37.21547948467139,-3.467600562071793
2025-08-01,136956.87178642597,36.95687178642599,-3.649533546007011
2025-08-04,138487.9159239862,38.487915923986215,-2.572429382547281
2025-08-05,131898.9218139012,31.898921813901215,-7.207849626077001
2025-08-06,132858.4182685498,32.858418268549826,-6.53283471254632
2025-08-07,131352.64818659134,31.35264818659136,-7.5921583366680085
2025-08-08,130924.94747152776,30.924947471527787,-7.8930498718028375
2025-08-11,131433.72178681075,31.433721786810764,-7.535122285125984
2025-08-12,133363.506139831,33.36350613983103,-6.177500574409112
2025-08-13,134550.60686011545,34.55060686011549,-5.3423638876889274
2025-08-14,133773.58267883182,33.773582678831836,-5.889007815344183
2025-08-15,134136.08269380205,34.13608269380206,-5.633985595017577
2025-08-18,133549.8352095214,33.54983520952142,-6.046416295508495
2025-08-19,134968.67412971312,34.968674129713136,-5.04824957338349
2025-08-20,136566.02596871977,36.566025968719785,-3.9244973090981405
2025-08-21,136062.92772266048,36.06292772266049,-4.278431726902232
2025-08-22,137210.97588869155,37.21097588869158,-3.4707688848270912
2025-08-25,135700.38631404954,35.700386314049545,-4.533483068050148
2025-08-26,135799.56156972158,35.7995615697216,-4.463712329130265
2025-08-27,136136.88004994192,36.13688004994194,-4.226405558839364
2025-08-28,136831.4255331329,36.8314255331329,-3.7377861824905767
2025-08-29,136592.33149255224,36.592331492552255,-3.9059911220151844
2025-09-01,136592.33149255224,36.592331492552255,-3.9059911220151844
2025-09-02,137026.3917083083,37.026391708308324,-3.6006256174464513
2025-09-03,136898.2031431758,36.89820314317582,-3.6908074964823956
2025-09-04,137286.72511724284,37.286725117242845,-3.4174785795707985
2025-09-05,137058.95895250692,37.05895895250693,-3.577714250322428
2025-09-08,137133.54693356177,37.13354693356179,-3.5252408937631152
2025-09-09,136908.9177357033,36.908917735703305,-3.683269678376433
2025-09-10,135907.05674183078,35.907056741830786,-4.388088449589378
2025-09-11,137623.76587485016,37.623765874850164,-3.180367189788813
2025-09-12,136202.49144017862,36.20249144017864,-4.180247319595553
2025-09-15,135972.81062186958,35.97281062186959,-4.341829967409838
2025-09-16,135343.51725128383,35.34351725128386,-4.784543859757595
2025-09-17,135560.4864669534,35.56048646695344,-4.631903945723048
2025-09-18,135552.20698899697,35.55220698899699,-4.637728637486904
2025-09-19,135604.98923362035,35.604989233620365,-4.600595824626796
2025-09-22,135386.9998904037,35.38699989040373,-4.753953408127076
2025-09-23,134647.99264179345,34.64799264179346,-5.273852060803053
2025-09-24,133689.03523236688,33.689035232366905,-5.948487750875242
2025-09-25,134141.1884865947,34.14118848659473,-5.630393621056918
2025-09-26,135429.28168531417,35.42928168531419,-4.724207761859045
2025-09-29,136681.0497787317,36.68104977873175,-3.843576960937378
2025-09-30,137369.45530143302,37.36945530143303,-3.359277105394465
2025-10-01,138250.62435106758,38.25062435106761,-2.739366268868426
2025-10-02,139098.05622316446,39.09805622316447,-2.143189858736616
2025-10-03,139034.2053055885,39.03420530558852,-2.188109588661191
2025-10-06,139524.73795184793,39.524737951847946,-1.843015190245667
2025-10-07,139810.58653275,39.81058653275,-1.6419179853673693
2025-10-08,141040.12945898031,41.040129458980346,-0.7769228016847318
2025-10-09,139685.3802098564,39.68538020985643,-1.7300018285249297
2025-10-10,137196.8343887014,37.196834388701404,-3.4807175650403477
2025-10-13,137668.4663104385,37.66846631043852,-3.1489200067197576
2025-10-14,137864.43025645544,37.86443025645545,-3.0110575003656326
2025-10-15,136853.72647228066,36.85372647228067,-3.722097258954127
2025-10-16,135895.7606281748,35.89576062817481,-4.39603537335943
2025-10-17,137371.60778857046,37.37160778857047,-3.3577628101493784
2025-10-20,138363.2639590498,38.36326395904981,-2.660123229591027
2025-10-21,140336.71901178293,40.336719011782954,-1.2717787648215628
2025-10-22,138980.75467189218,38.98075467189219,-2.2257126196133847
2025-10-23,139276.65201828443,39.27665201828445,-2.017546012304694
2025-10-24,139167.73378368566,39.16773378368568,-2.0941710298890692
2025-10-27,140632.4249250056,40.63242492500561,-1.0637468325747634
2025-10-28,140595.24033653733,40.595240336537344,-1.0899065454616275
2025-10-29,139045.11935999707,39.04511935999708,-2.1804314472181563
2025-10-30,139866.7056999461,39.8667056999461,-1.6024376156288822
2025-10-31,140516.23589704384,40.51623589704385,-1.1454869226843578
2025-11-03,140466.8812429278,40.46688124292783,-1.1802083929087326
2025-11-04,140114.8659549889,40.11486595498892,-1.4278545076998217
2025-11-05,139245.20180651548,39.245201806515496,-2.0396715364532025
2025-11-06,138699.1055446013,38.69910554460132,-2.4238554687955216
2025-11-07,139127.82164642564,39.12782164642565,-2.1222495993833856
2025-11-10,141129.32965185927,41.129329651859294,-0.7141696146443888
2025-11-11,142276.18046691926,42.27618046691928,0.0
2025-11-12,142278.24434138928,42.278244341389296,0.0
2025-11-13,141433.550788266,41.433550788266025,-0.5936912962578256
2025-11-14,141582.61096699495,41.582610966994984,-0.48892462625922395
2025-11-17,141582.61096699495,41.582610966994984,-0.48892462625922395
