date,V_usd,g_log,g_log_pct,vol_roll_ann,vol_roll_ann_pct
2022-11-18,101643.3346405031,0.01629978027381193,1.6299780273811932,,
2022-11-21,101672.00778722097,0.0002820559094613398,0.02820559094613398,,
2022-11-22,102708.12170907564,0.010139173516337615,1.0139173516337614,,
2022-11-23,103258.54593310937,0.005344802056184123,0.5344802056184124,,
2022-11-24,103258.54593310937,0.0,0.0,,
2022-11-25,103365.42945176965,0.001034570436413647,0.10345704364136471,,
2022-11-28,102613.98496132945,-0.0072963390664247075,-0.7296339066424707,,
2022-11-29,102256.25564596867,-0.0034922561507042087,-0.3492256150704209,,
2022-11-30,104144.62064531156,0.01829854334087939,1.8298543340879392,,
2022-12-01,105107.38837848495,0.009202057666399966,0.9202057666399966,,
2022-12-02,104668.06579118154,-0.0041885093879789476,-0.41885093879789476,,
2022-12-05,102856.84701911313,-0.017455877834886436,-1.7455877834886435,,
2022-12-06,101407.311429574,-0.014192993361784196,-1.4192993361784196,,
2022-12-07,101394.49104719762,-0.0001264326276875158,-0.012643262768751582,,
2022-12-08,101438.8128504393,0.0004370268895236594,0.04370268895236594,,
2022-12-09,100732.76349609104,-0.006984683381680857,-0.6984683381680857,,
2022-12-12,102187.88654012002,0.014342039474071118,1.4342039474071118,,
2022-12-13,102139.60178761519,-0.0004726212199717287,-0.04726212199717287,,
2022-12-14,102006.82697651802,-0.0013007803332396562,-0.13007803332396561,,
2022-12-15,99655.52124002409,-0.023320290740516267,-2.3320290740516265,,
2022-12-16,98511.78298671076,-0.011543286192097674,-1.1543286192097675,0.17133520912576583,17.133520912576582
2022-12-19,97362.42766972858,-0.01173578190502303,-1.1735781905023028,0.1636077492076287,16.360774920762868
2022-12-20,97422.79327474054,0.0006198171160197363,0.06198171160197363,0.16367255665842464,16.367255665842464
2022-12-21,98261.74285272909,0.008574563271768892,0.8574563271768892,0.16229034922620678,16.229034922620677
2022-12-22,97719.57503295495,-0.00553286618051289,-0.553286618051289,0.1603597546786431,16.03597546786431
2022-12-23,97449.2179661769,-0.0027704966101807105,-0.27704966101807105,0.16007517025756773,16.007517025756773
2022-12-26,97449.2179661769,0.0,0.0,0.1598062703312166,15.98062703312166
2022-12-27,97141.65943781346,-0.003161081224067383,-0.3161081224067383,0.15898233291214084,15.898233291214083
2022-12-28,96404.2981509335,-0.0076195324717197345,-0.7619532471719734,0.1599111828399627,15.99111828399627
2022-12-29,98121.35049188118,0.01765419572100258,1.7654195721002581,0.15885174945415553,15.885174945415553
2022-12-30,97730.02165280592,-0.003996187063356781,-0.3996187063356781,0.1527091545393661,15.27091545393661
2023-01-02,97730.02165280592,0.0,0.0,0.15314792391499524,15.314792391499523
2023-01-03,97287.48576133391,-0.004538429979219668,-0.4538429979219668,0.14435205643087853,14.435205643087853
2023-01-04,98474.95845247575,0.012131921018607782,1.2131921018607783,0.14661722647194464,14.661722647194464
2023-01-05,97115.11098595898,-0.013905300833834938,-1.3905300833834937,0.15275347472534093,15.275347472534092
2023-01-06,98355.37541204327,0.01269021317130147,1.269021317130147,0.16094816303991805,16.094816303991806
2023-01-09,97703.18769180584,-0.006653013421469815,-0.6653013421469814,0.16080901250312077,16.080901250312078
2023-01-10,98561.6658735704,0.008748215905176156,0.8748215905176157,0.1549462189226363,15.49462189226363
2023-01-11,99488.88612703115,0.009363538941487856,0.9363538941487856,0.1596203227375396,15.962032273753959
2023-01-12,99852.6430371696,0.003649588878128026,0.3649588878128026,0.16051994056580765,16.051994056580764
2023-01-13,100616.40019592646,0.007619738606757749,0.7619738606757749,0.1409396214517413,14.09396214517413
2023-01-16,100616.40019592646,0.0,0.0,0.13406039595458205,13.406039595458205
2023-01-17,101629.34473025569,0.010017051332284359,1.001705133228436,0.12909452499566978,12.909452499566978
2023-01-18,100699.81299327184,-0.00918837687236578,-0.918837687236578,0.13480147370198692,13.480147370198692
2023-01-19,100055.72055498582,-0.006416706298405612,-0.6416706298405612,0.13499687987125114,13.499687987125114
2023-01-20,101233.20245725276,0.011699554210103852,1.169955421010385,0.137879711986238,13.787971198623799
2023-01-23,102150.54146082012,0.009020831327246877,0.9020831327246878,0.13912648078463472,13.912648078463471
2023-01-24,101408.03542051799,-0.007295289098265379,-0.729528909826538,0.1428541365011236,14.28541365011236
2023-01-25,101395.7390627363,-0.0001212635990437696,-0.012126359904376958,0.141882989053183,14.1882989053183
2023-01-26,102776.17210678196,0.01352246811272384,1.352246811272384,0.14264528042469707,14.264528042469706
2023-01-27,102642.56644971261,-0.0013008129331129263,-0.13008129331129262,0.13297435308552583,13.297435308552583
2023-01-30,101494.18023270593,-0.011251265147062471,-1.1251265147062472,0.13941526850228902,13.941526850228902
2023-01-31,102358.17600813897,0.008476732522437356,0.8476732522437356,0.14111855676950905,14.111855676950904
2023-02-01,103278.95651816903,0.008955451309800962,0.8955451309800962,0.14073722492039825,14.073722492039826
2023-02-02,103587.38029589178,0.002981867528596364,0.2981867528596364,0.13663988488747975,13.663988488747975
2023-02-03,102580.45105830336,-0.009768131501648056,-0.9768131501648056,0.13105287974755275,13.105287974755274
2023-02-06,101382.06488649477,-0.011751178462120586,-1.1751178462120586,0.13465902383876283,13.465902383876283
2023-02-07,102557.40958822965,0.011526534702085407,1.1526534702085407,0.13560933008346832,13.560933008346831
2023-02-08,101163.90286364502,-0.01368073317504865,-1.368073317504865,0.14417720087203353,14.417720087203353
2023-02-09,100530.69322190958,-0.006278916087685028,-0.6278916087685028,0.1432531089658068,14.325310896580682
2023-02-10,101249.77691487072,0.007127416608714686,0.7127416608714686,0.1447168835211885,14.47168835211885
2023-02-13,101904.49824246799,0.006445580274557181,0.6445580274557181,0.14406123414156552,14.406123414156552
2023-02-14,101453.20349031544,-0.004438440139449419,-0.4438440139449419,0.14511302106503174,14.511302106503173
2023-02-15,102442.1516398144,0.009700622204248324,0.9700622204248324,0.14485254310850754,14.485254310850754
2023-02-16,101100.78140240621,-0.013180410012094365,-1.3180410012094366,0.14878171680511026,14.878171680511027
2023-02-17,101543.82081636011,0.004372582491642863,0.43725824916428635,0.1474341028672441,14.743410286724409
2023-02-20,101543.82081636011,0.0,0.0,0.1419058555086582,14.19058555086582
2023-02-21,99631.22075294556,-0.01901486064645157,-1.901486064645157,0.15264052415465934,15.264052415465933
2023-02-22,101044.80681843113,0.014088473484636583,1.4088473484636583,0.1596743259962179,15.96743259962179
2023-02-23,101747.21900829546,0.006927442003993189,0.6927442003993189,0.16155776970175934,16.155776970175932
2023-02-24,100828.27843536084,-0.009072636008772169,-0.9072636008772169,0.15691257556304714,15.691257556304713
2023-02-27,101087.58243590512,0.002568437585586089,0.2568437585586089,0.15736333086777182,15.736333086777183
2023-02-28,102103.76072376964,0.010002264309455066,1.0002264309455067,0.1566749756842147,15.66749756842147
2023-03-01,101608.29194191193,-0.004864412805986038,-0.48644128059860375,0.15468967888007149,15.468967888007148
2023-03-02,102183.62724088252,0.0056463163975647825,0.5646316397564782,0.15259195816850635,15.259195816850635
2023-03-03,103054.23690730076,0.00848395974160291,0.848395974160291,0.15534292112098946,15.534292112098946
2023-03-06,101937.22357463997,-0.010898252891418665,-1.0898252891418665,0.15626240301445346,15.626240301445346
2023-03-07,100679.73929176037,-0.012412587873627928,-1.2412587873627927,0.15688868228237973,15.688868228237974
2023-03-08,100117.26012052027,-0.00560248055632088,-0.560248055632088,0.15171211208339017,15.171211208339017
2023-03-09,98946.73159325357,-0.011760459622253992,-1.1760459622253991,0.1498475263211593,14.98475263211593
2023-03-10,97710.49812762436,-0.012572634647034607,-1.2572634647034608,0.15413660624181214,15.413660624181214
2023-03-13,98106.99442848888,0.004049657030715283,0.40496570307152824,0.15236100448478068,15.236100448478068
2023-03-14,99201.23493326218,0.01109180014245872,1.109180014245872,0.156215900993629,15.6215900993629
2023-03-15,98581.10424237794,-0.0062708604379937945,-0.6270860437993795,0.15681050921151862,15.681050921151861
2023-03-16,101134.2342258142,0.025569083475126167,2.556908347512617,0.17898944485218335,17.898944485218333
2023-03-17,99642.8585644346,-0.01485630726755179,-1.4856307267551792,0.1805594821266676,18.05594821266676
2023-03-20,100484.64953103193,0.008412595941346872,0.8412595941346872,0.18251896392648717,18.251896392648717
2023-03-21,102030.29052359791,0.015264760267965909,1.526476026796591,0.19052925432475762,19.05292543247576
2023-03-22,100201.97947501231,-0.01808179142097124,-1.808179142097124,0.1893657569477799,18.93657569477799
2023-03-23,100575.18439454405,0.0037176075422661985,0.37176075422661986,0.18313703933963532,18.31370393396353
2023-03-24,101722.51450958023,0.011343108924138206,1.1343108924138205,0.18592656285333364,18.592656285333366
2023-03-27,101612.16006202233,-0.0010854465292288575,-0.10854465292288575,0.18305857542092618,18.305857542092618
2023-03-28,101671.85773134875,0.0005873326559612842,0.05873326559612842,0.18288718910694418,18.288718910694417
2023-03-29,102817.7113715639,0.011207081499154793,1.1207081499154792,0.18374028745411977,18.374028745411977
2023-03-30,102850.86673706226,0.00032241547143937863,0.032241547143937864,0.1827680027964477,18.27680027964477
2023-03-31,104261.64446229032,0.01362350866220789,1.362350866220789,0.18758056347186083,18.758056347186084
2023-04-03,103871.60169009236,-0.0037480146589345606,-0.3748014658934561,0.1861780971092062,18.617809710920618
2023-04-04,103721.79603248388,-0.0014432605781852092,-0.14432605781852093,0.1817930987320901,18.17930987320901
2023-04-05,103964.38231556425,0.0023360860634255303,0.23360860634255304,0.1753240126805077,17.53240126805077
2023-04-06,104028.8670811148,0.0006200659665995709,0.06200659665995709,0.17345003596478045,17.345003596478044
2023-04-07,104028.8670811148,0.0,0.0,0.16648832292672208,16.648832292672207
2023-04-10,103983.4257075174,-0.00043691047015616437,-0.043691047015616435,0.157833132423313,15.783313242331301
2023-04-11,104058.28858957237,0.0007196911017505836,0.07196911017505836,0.15796573312052606,15.796573312052606
2023-04-12,104671.73290847181,0.00587789030713878,0.587789030713878,0.1555329744652402,15.55329744652402
2023-04-13,106109.72317582337,0.01364458338769464,1.364458338769464,0.15658867366942553,15.658867366942552
2023-04-14,105527.10887436094,-0.005505806976925519,-0.5505806976925519,0.13721985683547314,13.721985683547313
2023-04-17,105571.05491986299,0.0004163564982946946,0.04163564982946946,0.12300942623819527,12.300942623819527
2023-04-18,105436.48646193153,-0.0012754849925639396,-0.12754849925639397,0.12196576706436955,12.196576706436955
2023-04-19,106036.12905481755,0.0056711286096969805,0.567112860969698,0.11332911508975431,11.332911508975432
2023-04-20,105225.02031726342,-0.007678768438439021,-0.7678768438439021,0.0944519103184109,9.44519103184109
2023-04-21,105794.87988152268,0.0054010161980147225,0.5401016198014722,0.09494244938471728,9.494244938471729
2023-04-24,106436.44182060043,0.006045892643673334,0.6045892643673334,0.09032292053270735,9.032292053270735
2023-04-25,104085.68899217663,-0.02233352406999108,-2.2333524069991078,0.12374260656666343,12.374260656666342
2023-04-26,102991.16300791688,-0.010571304003004975,-1.0571304003004975,0.13024328606347393,13.024328606347394
2023-04-27,104338.9778355142,0.013001812559233024,1.3001812559233024,0.13221597808115157,13.221597808115156
2023-04-28,105126.97157345877,0.007523871611933815,0.7523871611933814,0.13429438868085583,13.429438868085583
2023-05-01,105573.84787423667,0.004241815214603661,0.4241815214603661,0.12695176317973372,12.695176317973372
2023-05-02,105023.7385525744,-0.005224281837021153,-0.5224281837021153,0.12768904647939283,12.768904647939284
2023-05-03,104962.48065650837,-0.0005834468379353571,-0.05834468379353571,0.12755669714605472,12.755669714605473
2023-05-04,104705.18245821967,-0.00245434440033261,-0.245434440033261,0.12779841095608496,12.779841095608496
2023-05-05,105838.66239332478,0.010767266899919914,1.0767266899919914,0.1328161194983316,13.281611949833161
2023-05-08,106126.28805866433,0.002713900022268026,0.2713900022268026,0.13293733562415935,13.293733562415936
2023-05-09,106080.97131008105,-0.00042709895417288984,-0.042709895417288986,0.13293604970239287,13.293604970239286
2023-05-10,106721.35564032079,0.006018602075453394,0.6018602075453394,0.13408223777125353,13.408223777125352
2023-05-11,106478.17623989444,-0.0022812386475855725,-0.22812386475855725,0.13347572047835296,13.347572047835296
2023-05-12,106269.53786850581,-0.0019613694948354414,-0.19613694948354415,0.12527071010948734,12.527071010948735
2023-05-15,106051.42339581653,-0.00205457386889353,-0.205457386889353,0.12389755478746052,12.389755478746052
2023-05-16,105274.4408435174,-0.007353440207106022,-0.7353440207106021,0.12664805362550324,12.664805362550325
2023-05-17,105001.10548814638,-0.0025997840841960546,-0.25997840841960546,0.12688132017592055,12.688132017592055
2023-05-18,105062.68553589575,0.0005862985640043751,0.058629856400437504,0.12512873955329262,12.512873955329262
2023-05-19,105312.62066844323,0.0023760892344941316,0.23760892344941317,0.12262144204479752,12.262144204479753
2023-05-22,105962.70793792153,0.006153953946203868,0.6153953946203868,0.12306318785875915,12.306318785875915
2023-05-23,103602.2418768817,-0.022528250975851875,-2.2528250975851876,0.14367749780621752,14.367749780621752
2023-05-24,103697.15117907141,0.0009156737742647467,0.09156737742647467,0.12164593673535842,12.164593673535842
2023-05-25,103134.20152030626,-0.005443575565810936,-0.5443575565810936,0.11734674546332395,11.734674546332394
2023-05-26,103585.19830060058,0.004363378533717647,0.4363378533717647,0.10885665134190999,10.885665134191
2023-05-29,103585.19830060058,0.0,0.0,0.10505747829757874,10.505747829757874
2023-05-30,103083.9045917278,-0.004851181768109664,-0.4851181768109664,0.10438423161381968,10.438423161381968
2023-05-31,103719.71046364696,0.0061489048439953824,0.6148904843995382,0.10619179369525533,10.619179369525533
2023-06-01,104399.13319927677,0.00652920357760636,0.6529203577606361,0.10902219435100442,10.902219435100442
2023-06-02,105763.81527707915,0.012987077586460845,1.2987077586460845,0.11786332903517022,11.786332903517021
2023-06-05,106234.18441520838,0.004437493850527385,0.44374938505273853,0.11283385421535327,11.283385421535327
2023-06-06,105976.50873752909,-0.002428490294144378,-0.24284902941443778,0.11278358481168026,11.278358481168025
2023-06-07,105010.23508583677,-0.00915963145307713,-0.915963145307713,0.11710853926496877,11.710853926496876
2023-06-08,105951.93009885403,0.008927679206175333,0.8927679206175333,0.11955163528918163,11.955163528918163
2023-06-09,105862.74846196831,-0.000842072350806425,-0.0842072350806425,0.11936167906641659,11.936167906641659
2023-06-12,106491.68330201633,0.005923461769048004,0.5923461769048004,0.12107181303989302,12.107181303989302
2023-06-13,107630.14012009991,0.010633830104462148,1.0633830104462147,0.12610150790352764,12.610150790352764
2023-06-14,108391.85522459018,0.007052228734357006,0.7052228734357007,0.12436624343760005,12.436624343760005
2023-06-15,110134.50935672518,0.015949481222045613,1.5949481222045612,0.13315797575427143,13.315797575427144
2023-06-16,110229.14021554438,0.0008588609311913484,0.08588609311913485,0.13311781711574364,13.311781711574364
2023-06-19,110229.14021554438,0.0,0.0,0.13335180218417186,13.335180218417186
2023-06-20,109089.73066439082,-0.010390531355098254,-1.0390531355098254,0.13931080682108954,13.931080682108954
2023-06-21,108694.20304395114,-0.0036322978336713035,-0.36322978336713035,0.11092904964144115,11.092904964144115
2023-06-22,109353.06857552021,0.0060433458482022865,0.6043345848202286,0.11155206632023099,11.155206632023098
2023-06-23,108814.87963388243,-0.004933722279129568,-0.4933722279129568,0.11110603026829159,11.110603026829159
2023-06-26,108639.81283027964,-0.0016101454463151117,-0.16101454463151116,0.11180453156087206,11.180453156087205
2023-06-27,109350.97216957297,0.006524696557503102,0.6524696557503101,0.11241922452592966,11.241922452592966
2023-06-28,109584.03157480728,0.002129029065996456,0.21290290659964559,0.10915908777362293,10.915908777362294
2023-06-29,110283.18927726801,0.006359838964180902,0.6359838964180903,0.10924031842357035,10.924031842357035
2023-06-30,111564.78508741941,0.011553948787442377,1.1553948787442376,0.11266408935967644,11.266408935967643
2023-07-03,110334.6509948699,-0.011087425151169134,-1.1087425151169135,0.11699147986843804,11.699147986843803
2023-07-04,110334.6509948699,0.0,0.0,0.11684339397254476,11.684339397254476
2023-07-05,110375.10305072211,0.00036656337623234214,0.03665633762323421,0.1159657261136219,11.59657261136219
2023-07-06,109602.4011184333,-0.007025310276724192,-0.7025310276724193,0.11360417100519668,11.360417100519667
2023-07-07,108735.40805075654,-0.007941800166451438,-0.7941800166451438,0.11572403436356937,11.572403436356938
2023-07-10,109651.57201492859,0.008390329300194586,0.8390329300194587,0.11803257193137084,11.803257193137085
2023-07-11,110237.12444450964,0.005325911000650024,0.5325911000650024,0.11777941544241209,11.777941544241209
2023-07-12,109598.61296583859,-0.005809003410579742,-0.5809003410579742,0.11572474438866874,11.572474438866873
2023-07-13,110336.69031429752,0.006711793042786873,0.6711793042786873,0.1155011271071045,11.55011271071045
2023-07-14,110390.40037935127,0.00048666492132920454,0.04866649213292045,0.10161079238545755,10.161079238545755
2023-07-17,111342.92607183612,0.008591685941942597,0.8591685941942597,0.1057740082976369,10.57740082976369
2023-07-18,111222.09571487214,-0.0010857983690801337,-0.10857983690801337,0.10590272758326666,10.590272758326666
2023-07-19,110837.48015602402,-0.0034640788801845335,-0.34640788801845335,0.0995134507049653,9.95134507049653
2023-07-20,111300.23824092367,0.004166413139173544,0.41664131391735443,0.09884418927047599,9.884418927047598
2023-07-21,112091.68230838556,0.007085729661898759,0.7085729661898759,0.09956064988576266,9.956064988576266
2023-07-24,111653.77834891193,-0.003914309745644739,-0.3914309745644739,0.09883213787410017,9.883213787410018
2023-07-25,111660.68503504683,6.185614699946396e-05,0.006185614699946397,0.0983962480362084,9.83962480362084
2023-07-26,111208.43949795964,-0.004058401169430762,-0.40584011694307615,0.09815324269205412,9.815324269205412
2023-07-27,108009.66031263936,-0.029185603239145805,-2.9185603239145803,0.1426681398369103,14.26681398369103
2023-07-28,108561.40833587426,0.005095317859366039,0.5095317859366039,0.14194634703666664,14.194634703666665
2023-07-31,107914.84913396054,-0.005973506120764651,-0.5973506120764651,0.13565049240029114,13.565049240029115
2023-08-01,107908.3987621921,-5.9774577884817073e-05,-0.005977457788481707,0.13122263534462594,13.122263534462594
2023-08-02,106942.44535394455,-0.008991911767292114,-0.8991911767292113,0.13397652068179194,13.397652068179195
2023-08-03,106213.42855359174,-0.006840249151797723,-0.6840249151797724,0.13504197527836273,13.504197527836274
2023-08-04,104229.91484724196,-0.018851367923787422,-1.8851367923787423,0.14650199426384236,14.650199426384237
2023-08-07,104769.15953778115,0.005160270577532301,0.5160270577532301,0.14727816416172423,14.727816416172423
2023-08-08,104265.8818898701,-0.004815256015629409,-0.4815256015629409,0.14283744284372618,14.283744284372618
2023-08-09,104139.56761784371,-0.0012121975485015694,-0.12121975485015694,0.1401529849615726,14.01529849615726
2023-08-10,104676.84186343671,0.005145911976272915,0.5145911976272916,0.14222288711260878,14.222288711260877
2023-08-11,105282.7270483617,0.005771462285709125,0.5771462285709126,0.14151702775694322,14.151702775694321
2023-08-14,106156.1251547825,0.008261519252140812,0.8261519252140812,0.14589464957267848,14.589464957267847
2023-08-15,105404.5626427341,-0.007104965307839553,-0.7104965307839552,0.14179795198083528,14.179795198083529
2023-08-16,104583.35586829411,-0.007821506749232616,-0.7821506749232616,0.14280191599945682,14.280191599945683
2023-08-17,103670.04289818127,-0.008771226121136875,-0.8771226121136875,0.14422798425117597,14.422798425117596
2023-08-18,103892.99388291336,0.002148273352850391,0.21482733528503908,0.14309715159996206,14.309715159996205
2023-08-21,106109.07671618187,0.021106126169183243,2.110612616918324,0.16278157448448516,16.278157448448518
2023-08-22,105591.82762484382,-0.004886612291330732,-0.48866122913307325,0.1629143871981703,16.29143871981703
2023-08-23,106136.21242938435,0.005142313734312902,0.5142313734312902,0.16492140561006485,16.492140561006487
2023-08-24,104920.26967032,-0.011522566853052958,-1.1522566853052958,0.16785862426216902,16.7858624262169
2023-08-25,105885.2721808265,0.00915544480225758,0.9155444802257581,0.14246394867813933,14.246394867813933
2023-08-28,106556.9278300183,0.006323205907799038,0.6323205907799039,0.14318171019514483,14.318171019514484
2023-08-29,107334.87313803713,0.007274226827480898,0.7274226827480899,0.14459975892450727,14.459975892450727
2023-08-30,107491.38664922398,0.0014571173843846437,0.14571173843846436,0.14472120131290733,14.472120131290733
2023-08-31,107227.84017250844,-0.002454802142891077,-0.24548021428910768,0.1414429977681813,14.144299776818132
2023-09-01,107422.52971104113,0.001814015899681847,0.1814015899681847,0.13923155876816937,13.923155876816937
2023-09-04,107422.52971104113,0.0,0.0,0.12016000199325573,12.016000199325573
2023-09-05,106633.92412311153,-0.007368235263572505,-0.7368235263572505,0.12307066613505781,12.30706661350578
2023-09-06,106674.16247037769,0.00037727915885468944,0.03772791588546894,0.12136689411946956,12.136689411946957
2023-09-07,106255.15682584095,-0.003935636358216905,-0.3935636358216905,0.12237952972981517,12.237952972981518
2023-09-08,105535.19068399258,-0.0067988831754585005,-0.6798883175458501,0.124210277243816,12.4210277243816
2023-09-11,106294.36403542345,0.007167806237419117,0.7167806237419116,0.12506395070018103,12.506395070018103
2023-09-12,105459.53677233141,-0.007884922876449322,-0.7884922876449322,0.12487288961641743,12.487288961641744
2023-09-13,105560.0822179148,0.0009529488648815413,0.09529488648815412,0.12244724443195237,12.244724443195237
2023-09-14,106338.30146217065,0.007345244731470673,0.7345244731470673,0.12139794750175631,12.13979475017563
2023-09-15,105619.19230087941,-0.006785435208088236,-0.6785435208088236,0.11960851982515806,11.960851982515806
2023-09-18,105872.79790022832,0.0023982536706128378,0.23982536706128377,0.11964486332703475,11.964486332703475
2023-09-19,106215.89497180695,0.003235414073468455,0.3235414073468455,0.09511613830871589,9.511613830871589
2023-09-20,105358.55808712081,-0.008104396016290158,-0.8104396016290158,0.09783384329693026,9.783384329693027
2023-09-21,103804.30671832476,-0.014861911346052713,-1.4861911346052712,0.10829647150713605,10.829647150713605
2023-09-22,103432.80379280089,-0.003585297271903809,-0.3585297271903809,0.10193622441218712,10.193622441218713
2023-09-25,103384.1572380415,-0.00047043100734155027,-0.047043100734155026,0.09548348584376043,9.548348584376043
2023-09-26,103119.90705338524,-0.002559274848144594,-0.25592748481445937,0.0916171587041066,9.16171587041066
2023-09-27,103407.44073001304,0.002784462837392766,0.2784462837392766,0.08738381973311073,8.738381973311073
2023-09-28,103820.53662875902,0.0039868790999936015,0.39868790999936016,0.08898753204305233,8.898753204305233
2023-09-29,103057.20840519686,-0.007379543773770339,-0.737954377377034,0.09115439540659141,9.11543954065914
2023-10-02,102723.64341754834,-0.003241946729710238,-0.3241946729710238,0.09024443768400672,9.024443768400673
2023-10-03,102019.33242103734,-0.006879979855582589,-0.6879979855582589,0.09133891730372608,9.133891730372607
2023-10-04,103641.66276649215,0.015777070375716407,1.5777070375716407,0.10911928794344394,10.911928794344394
2023-10-05,104114.61379918516,0.00455294884475108,0.455294884475108,0.11089892925331453,11.089892925331453
2023-10-06,105741.99439209222,0.015509763827587165,1.5509763827587164,0.12439539721080747,12.439539721080747
2023-10-09,105863.36699827072,0.0011471601540840256,0.11471601540840257,0.12213370580793866,12.213370580793866
2023-10-10,106514.60642481956,0.006132853207385756,0.6132853207385756,0.12143479482106129,12.143479482106128
2023-10-11,106390.78011211457,-0.0011632052028462932,-0.11632052028462932,0.11805204763184263,11.805204763184262
2023-10-12,105729.1278912464,-0.006238493812180198,-0.6238493812180198,0.12024998768539542,12.024998768539543
2023-10-13,106132.28358749182,0.003805848172694095,0.38058481726940946,0.11816107987561023,11.816107987561022
2023-10-16,107092.87069459901,0.009010133995735074,0.9010133995735075,0.11954859974728844,11.954859974728844
2023-10-17,106930.21085013026,-0.0015200218089851353,-0.15200218089851353,0.11960120746446891,11.960120746446892
2023-10-18,106067.32414821394,-0.008102360644701429,-0.8102360644701428,0.12271024525845065,12.271024525845064
2023-10-19,104943.84479674288,-0.010648630338608248,-1.064863033860825,0.12510323442912152,12.510323442912153
2023-10-20,103703.56399889175,-0.011888912630758154,-1.1888912630758153,0.12106818934786018,12.106818934786018
2023-10-23,103757.01624747503,0.0005153003014122987,0.051530030141229866,0.12038926977941186,12.038926977941186
2023-10-24,104415.30764083535,0.006324506306445327,0.6324506306445327,0.12223566839440668,12.223566839440668
2023-10-25,102666.70797665491,-0.016888392936973334,-1.6888392936973333,0.13601555990360792,13.601555990360792
2023-10-26,100612.08576978641,-0.02021550934901251,-2.021550934901251,0.15202887471802176,15.202887471802176
2023-10-27,99217.73398148782,-0.013955619038331667,-1.3955619038331666,0.1567904955729667,15.67904955729667
2023-10-30,99947.4135773917,0.007327415158869133,0.7327415158869133,0.15888399287087418,15.888399287087418
2023-10-31,101475.6543943645,0.015174728080742108,1.5174728080742108,0.16878023542937567,16.878023542937566
2023-11-01,101778.0268795079,0.0029753233133315202,0.29753233133315204,0.16759529283676125,16.759529283676127
2023-11-02,103437.18043327169,0.016170241258751942,1.6170241258751943,0.16806984320252888,16.806984320252887
2023-11-03,103889.56716951099,0.0043640047357884895,0.4364004735788489,0.16800528098958253,16.800528098958253
2023-11-06,103995.87561620389,0.0010227599829523888,0.10227599829523888,0.15825437767940206,15.825437767940207
2023-11-07,103889.14173612974,-0.001026855045276181,-0.1026855045276181,0.15809768399483456,15.809768399483456
2023-11-08,103579.72114202347,-0.002982816980132871,-0.2982816980132871,0.1561322950651597,15.61322950651597
2023-11-09,102579.38522291197,-0.009704579997588761,-0.9704579997588761,0.15879781172739335,15.879781172739335
2023-11-10,103900.759867032,0.012799222728874432,1.2799222728874433,0.16554902526449788,16.554902526449787
2023-11-13,104508.58166001362,0.005832977657197095,0.5832977657197095,0.16641106182383195,16.641106182383194
2023-11-14,105403.91305071341,0.00853057195489859,0.8530571954898589,0.16606517388025147,16.606517388025146
2023-11-15,104374.38502837151,-0.009815469926547096,-0.9815469926547096,0.16900569551904757,16.900569551904756
2023-11-16,103332.72868912535,-0.010030133811514411,-1.0030133811514412,0.17013279613957746,17.013279613957746
2023-11-17,103979.7127194465,0.006241652709020759,0.624165270902076,0.16842067402546837,16.84206740254684
2023-11-20,105524.35229414905,0.014745943604838368,1.4745943604838367,0.17086159836596732,17.08615983659673
2023-11-21,106101.60469229316,0.005455416131600721,0.5455416131600721,0.17160277408358454,17.160277408358453
2023-11-22,106322.30406606212,0.0020779153765604005,0.20779153765604005,0.1705900737156183,17.05900737156183
2023-11-23,106322.30406606212,0.0,0.0,0.1580167921231373,15.80167921231373
2023-11-24,106913.72647674449,0.005547129401288157,0.5547129401288157,0.1368501074624315,13.685010746243151
2023-11-27,106645.01065083098,-0.0025165532569022455,-0.25165532569022453,0.12426328558866591,12.42632855886659
2023-11-28,106744.46511295169,0.0009321403407168471,0.09321403407168471,0.12371445747938437,12.371445747938436
2023-11-29,108050.73711595986,0.012163103213548944,1.2163103213548945,0.12041688257473454,12.041688257473455
2023-11-30,109080.06905237319,0.009481286101506071,0.9481286101506071,0.1224982142434713,12.24982142434713
2023-12-01,109209.0285091148,0.0011815475274312315,0.11815475274312315,0.1133147956444635,11.33147956444635
2023-12-04,108904.18526354874,-0.0027952771754279275,-0.27952771754279276,0.11460572438807641,11.460572438807642
2023-12-05,109100.88957803514,0.0018045852190407146,0.18045852190407147,0.11453266438994346,11.453266438994346
2023-12-06,108932.82593343323,-0.001541630178552995,-0.1541630178552995,0.11473375520837902,11.473375520837902
2023-12-07,108742.19097532722,-0.001751556145959588,-0.1751556145959588,0.11410272543101087,11.410272543101087
2023-12-08,109076.77394907025,0.0030721221818935563,0.3072122181893556,0.10539461703677674,10.539461703677674
2023-12-11,110296.05123707688,0.011116142961784443,1.1116142961784443,0.10355286933454064,10.355286933454064
2023-12-12,111400.41456444934,0.009962923479862898,0.9962923479862897,0.10601373361305666,10.601373361305665
2023-12-13,116609.12112145052,0.04569644770769455,4.569644770769455,0.1815376679870467,18.15376679870467
2023-12-14,116710.2146571915,0.0008665680598641508,0.08665680598641508,0.17432147654681726,17.432147654681724
2023-12-15,116756.73981075254,0.0003985587963225912,0.03985587963225912,0.1663103564977434,16.63103564977434
2023-12-18,115988.30022052857,-0.0066032976027543015,-0.6603297602754301,0.17175943926659962,17.17594392665996
2023-12-19,116398.55462603082,0.003530792066322518,0.3530792066322518,0.1682677243976731,16.82677243976731
2023-12-20,114828.19971234078,-0.013583022104153845,-1.3583022104153846,0.17968568584357855,17.968568584357854
2023-12-21,115322.25948702537,0.0042933699573844035,0.42933699573844036,0.17958764492503507,17.958764492503505
2023-12-22,116175.12209683066,0.007368260172522593,0.7368260172522593,0.1794011269869299,17.94011269869299
2023-12-25,116175.12209683066,0.0,0.0,0.17991253435838964,17.991253435838964
2023-12-26,116886.64454607498,0.006105889181796474,0.6105889181796474,0.17847767535785478,17.84776753578548
2023-12-27,116927.97463145157,0.00035352867115348964,0.03535286711534896,0.1786291584511526,17.86291584511526
2023-12-28,117192.84598091089,0.002262690364515025,0.22626903645150248,0.17644424507068765,17.644424507068766
2023-12-29,116822.45347791871,-0.0031655435618695112,-0.3165543561869511,0.17681290071006076,17.681290071006075
2024-01-01,116822.45347791871,0.0,0.0,0.17703559187018358,17.703559187018357
2024-01-02,116417.63538139804,-0.003471260065054017,-0.3471260065054017,0.17733969597078036,17.733969597078037
2024-01-03,115297.34817951014,-0.009669602834277351,-0.9669602834277351,0.1828279657621059,18.28279657621059
2024-01-04,115691.63508499731,0.0034139055712330323,0.34139055712330324,0.18220794248746694,18.220794248746692
2024-01-05,115397.07287535504,-0.002549344550635923,-0.2549344550635923,0.18248346483482056,18.248346483482056
2024-01-08,117142.99603138826,0.015016388115369024,1.5016388115369024,0.1873112943084776,18.73112943084776
2024-01-09,117685.55920346713,0.004620938343593433,0.4620938343593433,0.1852791413067777,18.527914130677768
2024-01-10,119109.69930955107,0.012028596232999653,1.2028596232999653,0.18637982079957524,18.637982079957524
2024-01-11,119631.83536741624,0.004374076685517673,0.4374076685517673,0.10469550530358783,10.469550530358783
2024-01-12,119518.14497335553,-0.0009507874720570511,-0.09507874720570511,0.10496145140868288,10.496145140868288
2024-01-15,119518.14497335553,0.0,0.0,0.10500561862457083,10.500561862457083
2024-01-16,120151.16546629545,0.005282461603305063,0.5282461603305063,0.1020304084812124,10.20304084812124
2024-01-17,119295.4475870081,-0.00714749322492542,-0.714749322492542,0.10620847245763289,10.620847245763288
2024-01-18,120223.83811648401,0.007752153870329882,0.7752153870329882,0.09386305214630944,9.386305214630944
2024-01-19,121163.41173767493,0.007784821831896996,0.7784821831896995,0.0956133894397079,9.56133894397079
2024-01-22,122477.9527167059,0.010790891257275677,1.0790891257275677,0.09856507715199968,9.856507715199967
2024-01-23,122404.71514722286,-0.0005981441831342552,-0.059814418313425516,0.0987789924946068,9.877899249460679
2024-01-24,120063.4144749685,-0.019312834623389535,-1.9312834623389534,0.12325891468295559,12.32589146829556
2024-01-25,120730.79516360383,0.005543176461836311,0.5543176461836311,0.1240773480928626,12.407734809286259
2024-01-26,120896.86636162722,0.0013746044068373249,0.13746044068373248,0.12404886986023086,12.404886986023087
2024-01-29,122038.79231421737,0.009401125954072947,0.9401125954072947,0.12574365677494842,12.574365677494843
2024-01-30,123158.36013300094,0.009132044055622998,0.9132044055622999,0.12780255274035918,12.780255274035918
2024-01-31,122449.53037773559,-0.005772059861577061,-0.5772059861577061,0.1293990066031718,12.93990066031718
2024-02-01,123001.63578163106,0.004498706147347319,0.4498706147347319,0.12182648771031335,12.182648771031335
2024-02-02,125292.33489376337,0.018452031676962393,1.8452031676962393,0.13297336138223753,13.297336138223754
2024-02-05,125298.8779278438,5.2220778280533815e-05,0.005222077828053381,0.13170846046250922,13.170846046250922
2024-02-06,125076.17826050876,-0.0017789290151723842,-0.1778929015172384,0.12663219216571345,12.663219216571346
2024-02-07,126286.88412010341,0.009633199172201358,0.9633199172201358,0.12855629684777373,12.855629684777373
2024-02-08,126376.86166988807,0.0007122316128651132,0.07122316128651132,0.12486442646185258,12.486442646185258
2024-02-09,126963.37957560839,0.004630286532661415,0.4630286532661415,0.12490774803821258,12.490774803821258
2024-02-12,126898.8800812292,-0.0005081456050556567,-0.050814560505565674,0.12474813514188601,12.474813514188602
2024-02-13,125630.44458030479,-0.01004593165746324,-1.0045931657463238,0.13227062077920493,13.227062077920493
2024-02-14,126296.15023116807,0.005284929928239606,0.5284929928239606,0.1322713046716534,13.22713046716534
2024-02-15,127058.3673253874,0.006017018375756231,0.6017018375756231,0.12812588707586056,12.812588707586055
2024-02-16,126831.60296346656,-0.0017863204439478116,-0.17863204439478114,0.12793067058518448,12.793067058518448
2024-02-19,126831.60296346656,0.0,0.0,0.12675220894781214,12.675220894781214
2024-02-20,126862.69112816581,0.0002450836741613071,0.024508367416130713,0.12292904996508054,12.292904996508055
2024-02-21,120242.7460169621,-0.053592746368099554,-5.359274636809955,0.22770231198853128,22.77023119885313
2024-02-22,121703.85080360372,0.012078058281464679,1.2078058281464679,0.22151037842689653,22.151037842689654
2024-02-23,123158.67687899238,0.011882938627510845,1.1882938627510844,0.22434684447558395,22.434684447558396
2024-02-26,123867.78872553879,0.005741196940847348,0.5741196940847347,0.22496053575718347,22.496053575718346
2024-02-27,124748.44793189544,0.007084516293691537,0.7084516293691537,0.22403193257481469,22.40319325748147
2024-02-28,124469.12126277543,-0.0022416299700575722,-0.22416299700575723,0.2223172521604834,22.23172521604834
2024-02-29,123349.55173472708,-0.009035454279921513,-0.9035454279921513,0.22376080005928664,22.376080005928664
2024-03-01,123622.89759353598,0.0022135746004592377,0.22135746004592377,0.22336646947063185,22.336646947063183
2024-03-04,123575.00009562605,-0.0003875235101681043,-0.03875235101681043,0.21331994223029954,21.331994223029955
2024-03-05,122167.3441204322,-0.011456481999493787,-1.1456481999493788,0.216538799716007,21.653879971600702
2024-03-06,122117.58325658074,-0.0004074002033118946,-0.04074002033118946,0.21654513821016474,21.654513821016476
2024-03-07,124262.3841493387,0.01741095346788631,1.741095346788631,0.22300055161623095,22.300055161623096
2024-03-08,123640.90786297104,-0.005013871201616251,-0.5013871201616251,0.22340296599914222,22.340296599914222
2024-03-11,123649.62837420899,7.052846723739855e-05,0.007052846723739855,0.22250073181054955,22.250073181054955
2024-03-12,123712.91614793372,0.0005117005505253349,0.051170055052533484,0.22257215273306757,22.25721527330676
2024-03-13,124702.02494356564,0.00796340202704265,0.7963402027042651,0.22230767835200227,22.230767835200226
2024-03-14,123939.55584128073,-0.006133097206766863,-0.6133097206766863,0.22217756912961456,22.217756912961455
2024-03-15,123228.25355994889,-0.005755638217493901,-0.5755638217493901,0.22130261995719022,22.13026199571902
2024-03-18,124062.11928563069,0.006744046495506071,0.6744046495506071,0.2231084440942365,22.310844409423648
2024-03-19,125111.42542870644,0.008422341521492552,0.8422341521492552,0.2255033135732915,22.55033135732915
2024-03-20,124481.11008006708,-0.005050765539213958,-0.5050765539213958,0.22598408781134144,22.598408781134143
2024-03-21,125686.43911154491,0.009636248684721785,0.9636248684721784,0.12283524382864242,12.283524382864242
2024-03-22,125343.8119228103,-0.00272976981924777,-0.272976981924777,0.11831960977241181,11.831960977241181
2024-03-25,124715.36609794556,-0.005026387377229695,-0.5026387377229695,0.11386444931749004,11.386444931749004
2024-03-26,125322.32039521703,0.0048549120570722335,0.48549120570722337,0.11340049103478354,11.340049103478353
2024-03-27,125896.25756058935,0.00456923344278209,0.456923344278209,0.11190073673784247,11.190073673784246
2024-03-28,126338.44869093566,0.003506191435108599,0.3506191435108599,0.11193910201556052,11.193910201556053
2024-03-29,126338.44869093566,0.0,0.0,0.10625956424044053,10.625956424044054
2024-04-01,125447.77335563314,-0.007074883154550513,-0.7074883154550513,0.10988691541416283,10.988691541416284
2024-04-02,123990.36942173316,-0.011685626762188102,-1.1685626762188102,0.11796568931780062,11.796568931780062
2024-04-03,123321.02538778407,-0.0054129787978251555,-0.5412978797825155,0.11218322364883761,11.218322364883761
2024-04-04,121912.22427801654,-0.011489605180049158,-1.1489605180049158,0.11957269755300866,11.957269755300866
2024-04-05,123183.2665020288,0.010371905370115045,1.0371905370115044,0.10857977245371031,10.857977245371032
2024-04-08,122791.87462451796,-0.0031823720562687862,-0.3182372056268786,0.10778487837497426,10.778487837497426
2024-04-09,123639.76335567972,0.0068813573123462065,0.6881357312346207,0.11064651208705534,11.064651208705534
2024-04-10,122365.22982855164,-0.010361943588914234,-1.0361943588914233,0.11627652024379688,11.627652024379689
2024-04-11,122377.83469379142,0.00010300488208330819,0.01030048820833082,0.11216476563115658,11.216476563115659
2024-04-12,121046.62518473253,-0.010937461095984122,-1.0937461095984122,0.11615500561816773,11.615500561816773
2024-04-15,120117.86220186485,-0.007702357711133574,-0.7702357711133574,0.11732282212840092,11.732282212840092
2024-04-16,120414.58129803484,0.0024671868988945015,0.24671868988945014,0.11456913076712406,11.456913076712407
2024-04-17,119401.4982285674,-0.008448883810651968,-0.8448883810651968,0.11116107416475213,11.116107416475213
2024-04-18,119489.52461227977,0.0007369585231756991,0.07369585231756991,0.1111149598284033,11.11149598284033
2024-04-19,119493.75486657185,3.540209425308971e-05,0.003540209425308971,0.10319758622690192,10.319758622690193
2024-04-22,120730.11150908597,0.010293461492385053,1.0293461492385054,0.11215498983690966,11.215498983690967
2024-04-23,122846.25251038055,0.017376022938364794,1.7376022938364795,0.1295057651242155,12.950576512421549
2024-04-24,121654.54146064133,-0.009748193185441132,-0.9748193185441132,0.13145164753138416,13.145164753138417
2024-04-25,120838.49470591606,-0.006730501198515875,-0.6730501198515875,0.13079704971654432,13.079704971654433
2024-04-26,119994.89695269083,-0.00700568303837684,-0.700568303837684,0.13033744201524342,13.03374420152434
2024-04-29,120359.46183526085,0.0030335639759927965,0.3033563975992797,0.13147550519242476,13.147550519242476
2024-04-30,119528.84309039282,-0.006925073438629077,-0.6925073438629077,0.13140808297147386,13.140808297147386
2024-05-01,119903.65127891258,0.0031308072503808994,0.3130807250380899,0.12805709767553258,12.805709767553259
2024-05-02,120619.3237849015,0.0059509875751513844,0.5950987575151384,0.12982762784506216,12.982762784506216
2024-05-03,121027.03357711792,0.003374436788899533,0.3374436788899533,0.12489153547494695,12.489153547494695
2024-05-06,121718.02981378335,0.0056932000463616895,0.5693200046361689,0.12081714209920404,12.081714209920404
2024-05-07,122781.08892547125,0.008695866194004951,0.8695866194004951,0.12453060246388382,12.453060246388382
2024-05-08,122866.87369340086,0.000698436661165766,0.0698436661165766,0.12204007445434904,12.204007445434904
2024-05-09,123412.4750349793,0.004430759111408004,0.44307591114080036,0.1173383876877474,11.73383876877474
2024-05-10,123838.99902751531,0.0034501263722908925,0.34501263722908926,0.11780150816813974,11.780150816813974
2024-05-13,123723.95686108821,-0.0009293973267937567,-0.09293973267937566,0.11035454248166188,11.035454248166188
2024-05-14,124605.73865387113,0.007101732211101638,0.7101732211101638,0.10745207150887996,10.745207150887996
2024-05-15,127287.173851258,0.021291083289744897,2.12910832897449,0.12704242070771668,12.704242070771668
2024-05-16,128139.75469766876,0.0066757566837270885,0.6675756683727089,0.12106702396523943,12.106702396523943
2024-05-17,128603.16640810101,0.003609931768994498,0.3609931768994498,0.12069020727276393,12.069020727276394
2024-05-20,129085.17007038907,0.0037409859600997125,0.37409859600997125,0.12003067777007659,12.003067777007658
2024-05-21,128202.07705376361,-0.006864673584726815,-0.6864673584726815,0.12279717076160053,12.279717076160052
2024-05-22,128424.51027125269,0.0017335169789703332,0.17335169789703334,0.11087438323235445,11.087438323235444
2024-05-23,127236.86457601828,-0.009290838234995935,-0.9290838234995935,0.11026747286412812,11.026747286412812
2024-05-24,128716.74062718707,0.011563756179684335,1.1563756179684335,0.10994218079050125,10.994218079050125
2024-05-27,128716.74062718707,0.0,0.0,0.10444359136514864,10.444359136514864
2024-05-28,126137.6764906346,-0.020240199964311537,-2.0240199964311536,0.13262315947500256,13.262315947500255
2024-05-29,125216.2441110567,-0.0073317854363088,-0.73317854363088,0.13298401755445813,13.298401755445813
2024-05-30,124830.7705195697,-0.003083211350648454,-0.30832113506484543,0.13418077537965098,13.418077537965099
2024-05-31,126019.17898365387,0.009475125328925152,0.9475125328925151,0.13605774341768737,13.605774341768736
2024-06-03,127032.61369129697,0.008009744685742615,0.8009744685742615,0.13755038296784478,13.755038296784477
2024-06-04,127032.36967760124,-1.920876245866246e-06,-0.0001920876245866246,0.13719776416904245,13.719776416904244
2024-06-05,127979.74352337504,0.007430064338984395,0.7430064338984396,0.13649169771870703,13.649169771870703
2024-06-06,128165.79459440836,0.0014526983770211143,0.14526983770211144,0.13642782622413022,13.642782622413021
2024-06-07,128276.09387998517,0.0008602283584379112,0.08602283584379111,0.1361902319809299,13.61902319809299
2024-06-10,128347.32772814558,0.000555162498758555,0.055516249875855496,0.1361283570209813,13.612835702098131
2024-06-11,128315.36088355664,-0.00024909615750647545,-0.024909615750647544,0.1359829358417724,13.59829358417724
2024-06-12,129038.16412177039,0.005617215763844515,0.5617215763844514,0.13534046440671796,13.534046440671796
2024-06-13,128711.3608096817,-0.002535822227400198,-0.2535822227400198,0.11552109900967482,11.552109900967482
2024-06-14,128319.82108681253,-0.0030466344420590112,-0.30466344420590113,0.11390191934038801,11.390191934038802
2024-06-17,128063.5407294511,-0.0019991971468359864,-0.19991971468359865,0.11335953005337694,11.335953005337695
2024-06-18,128278.87213043474,0.0016800298415625492,0.16800298415625492,0.11267946594685763,11.267946594685762
2024-06-19,128278.87213043474,0.0,0.0,0.1101192269511482,11.011922695114821
2024-06-20,128062.07634218474,-0.0016914647560637593,-0.16914647560637594,0.11009020072349547,11.009020072349546
2024-06-21,129425.65592697279,0.010591513001109323,1.0591513001109323,0.1107968321264734,11.079683212647339
2024-06-24,129719.76868655195,0.0022698674792155015,0.22698674792155016,0.10389598436376513,10.389598436376513
2024-06-25,129863.4350517999,0.0011069004299787866,0.11069004299787866,0.10391711973880159,10.39171197388016
2024-06-26,129923.41186029346,0.000461738615885056,0.0461738615885056,0.07184839745742037,7.184839745742037
2024-06-27,131411.67130773867,0.01138978753525051,1.138978753525051,0.07242099878956067,7.242099878956067
2024-06-28,130454.02359569693,-0.0073140697681227705,-0.7314069768122771,0.07767568058857624,7.767568058857624
2024-07-01,129596.36309064263,-0.006596134123407735,-0.6596134123407734,0.07839200375704991,7.839200375704991
2024-07-02,129951.89390889194,0.0027396141644611864,0.27396141644611866,0.07477875429498887,7.477875429498887
2024-07-03,129754.89682411525,-0.0015170733272184891,-0.15170733272184891,0.07523824606341795,7.523824606341795
2024-07-04,129754.89682411525,0.0,0.0,0.07156217378009302,7.156217378009303
2024-07-05,130161.36438462087,0.0031276834313310625,0.31276834313310625,0.07203083668028874,7.203083668028874
2024-07-08,130383.45881140098,0.00170484661985538,0.170484661985538,0.07210861214355581,7.210861214355581
2024-07-09,131073.0968574602,0.005275367019586788,0.5275367019586789,0.0737614661940981,7.37614661940981
2024-07-10,132026.27118714308,0.00724576806848948,0.724576806848948,0.07667318112442169,7.667318112442169
2024-07-11,131987.475988893,-0.00029388771565318005,-0.029388771565318005,0.07525663608961687,7.525663608961687
2024-07-12,131767.6740406956,-0.0016667124721972575,-0.16667124721972576,0.07478982537837484,7.478982537837483
2024-07-15,131953.16002361305,0.0014066845659852138,0.1406684565985214,0.07324060279325592,7.324060279325592
2024-07-16,131755.07242195526,-0.0015023242701024404,-0.15023242701024403,0.07297580536092516,7.297580536092515
2024-07-17,131433.05970657084,-0.0024470166907721025,-0.24470166907721025,0.07413414958582619,7.413414958582619
2024-07-18,129976.05060573076,-0.011147462971871722,-1.1147462971871722,0.08551025731210764,8.551025731210764
2024-07-19,130090.52278411144,0.0008803298653986284,0.08803298653986284,0.08509516950478685,8.509516950478686
2024-07-22,131605.4612463598,0.011577979623181887,1.1577979623181887,0.08658842862554963,8.658842862554964
2024-07-23,131788.96981920965,0.0013934129267588282,0.13934129267588283,0.08645349267936374,8.645349267936373
2024-07-24,131445.8862478652,-0.002606674288764991,-0.2606674288764991,0.08721600026293666,8.721600026293666
2024-07-25,124792.5879589903,-0.05194219268333262,-5.194219268333262,0.2017735939917477,20.177359399174772
2024-07-26,127400.66075510437,0.02068386676805445,2.068386676805445,0.21181625676420351,21.181625676420353
2024-07-29,127804.76411933357,0.0031668895922861524,0.31668895922861523,0.2112874956538357,21.12874956538357
2024-07-30,128372.14644269217,0.004429620529471857,0.4429620529471857,0.21104488287712297,21.104488287712297
2024-07-31,127914.66363137141,-0.0035700885043096933,-0.3570088504309693,0.21097444197445378,21.097444197445377
2024-08-01,127494.78047679577,-0.0032879248792244044,-0.3287924879224404,0.21114442641597278,21.11444264159728
2024-08-02,125276.74745152697,-0.017550156650540483,-1.7550156650540483,0.2188789588561607,21.88789588561607
2024-08-05,121892.9623975086,-0.02738196744056535,-2.7381967440565353,0.23534547877722914,23.534547877722915
2024-08-06,123037.519102486,0.009346039980227944,0.9346039980227945,0.23878491426684792,23.878491426684793
2024-08-07,122203.10067194549,-0.006804922049652298,-0.6804922049652298,0.23732433853355256,23.732433853355257
2024-08-08,124507.56433562451,0.018682051611851616,1.8682051611851616,0.24686456332053722,24.686456332053723
2024-08-09,126001.74607569583,0.011929292824131512,1.1929292824131512,0.25200099455613384,25.200099455613383
2024-08-12,125723.15033728689,-0.002213494621537513,-0.22134946215375131,0.2519932581628817,25.19932581628817
2024-08-13,126688.1050164534,0.007645929883489151,0.7645929883489151,0.25404820670567785,25.404820670567783
2024-08-14,127603.36650792821,0.0071985539926002935,0.7198553992600294,0.2560169900686301,25.60169900686301
2024-08-15,128612.43103993962,0.007876717663411005,0.7876717663411005,0.25803816662103146,25.803816662103145
2024-08-16,128722.93635686826,0.0008588428775958301,0.08588428775958301,0.25544727127411077,25.544727127411075
2024-08-19,130100.3400883428,0.010643685173771105,1.0643685173771105,0.2583162453656398,25.83162453656398
2024-08-20,131828.3619015959,0.013194788284899379,1.319478828489938,0.2592879352612747,25.92879352612747
2024-08-21,131526.10967280393,-0.00229540329955913,-0.22954032995591298,0.2593674682987506,25.936746829875062
2024-08-22,130764.69277091653,-0.005805914913167898,-0.5805914913167898,0.25999383207465043,25.999383207465044
2024-08-23,131096.73294080002,0.002536000458525898,0.2536000458525898,0.1795607974815633,17.95607974815633
2024-08-26,130399.18155449843,-0.005335097048808784,-0.5335097048808783,0.16835289202660994,16.835289202660995
2024-08-27,130929.73040819509,0.004060397134277892,0.4060397134277892,0.1685189608594813,16.85189608594813
2024-08-28,131269.0082645319,0.0025879456736721566,0.2587945673672157,0.16818783802841178,16.81878380284118
2024-08-29,132755.27537184567,0.011258682621834682,1.1258682621834681,0.1708645074686034,17.08645074686034
2024-08-30,133546.67844980853,0.005943669555875157,0.5943669555875157,0.1704141400319616,17.04141400319616
2024-09-02,133546.67844980853,0.0,0.0,0.15491479532632044,15.491479532632043
2024-09-03,130794.35496852234,-0.0208247876771907,-2.08247876771907,0.13959557220988122,13.959557220988122
2024-09-04,131004.73758732383,0.0016072069771859779,0.1607206977185978,0.13797642500668486,13.797642500668486
2024-09-05,129308.79039782725,-0.013030219353691518,-1.303021935369152,0.14504759918630356,14.504759918630356
2024-09-06,128525.96593554923,-0.006072314522937829,-0.607231452293783,0.1357092647264056,13.57092647264056
2024-09-09,129599.73785856111,0.008319807760517467,0.8319807760517467,0.13276239076164884,13.276239076164883
2024-09-10,130353.77391765155,0.005801330928146987,0.5801330928146987,0.13296181855898084,13.296181855898084
2024-09-11,130040.38355676833,-0.002407047187501271,-0.24070471875012708,0.1318747467304877,13.187474673048772
2024-09-12,130773.73090762197,0.005623539853167867,0.5623539853167867,0.13108914892989557,13.108914892989556
2024-09-13,131597.0932556497,0.006276346110598328,0.6276346110598328,0.130171300551499,13.0171300551499
2024-09-16,132368.26905020484,0.005843024114014448,0.5843024114014448,0.13119958387213676,13.119958387213677
2024-09-17,130547.48236701968,-0.013850944897010697,-1.3850944897010697,0.13661638489259853,13.661638489259854
2024-09-18,129550.74185865399,-0.007664376722254706,-0.7664376722254707,0.13051943270082,13.051943270082
2024-09-19,130515.53516198808,0.007419629645526315,0.7419629645526316,0.13345083310628764,13.345083310628764
2024-09-20,129753.82871878996,-0.005853233023914961,-0.5853233023914961,0.1334752292693573,13.347522926935728
2024-09-23,129923.5902022163,0.0013074799365745545,0.13074799365745546,0.13320584081982453,13.320584081982453
2024-09-24,129781.77590197211,-0.0010921169359487599,-0.10921169359487598,0.1320422411848593,13.20422411848593
2024-09-25,128866.94192656703,-0.0070739789319646165,-0.7073978931964616,0.13311702173557066,13.311702173557066
2024-09-26,129311.04044251703,0.0034402542763707065,0.34402542763707067,0.13341920756327535,13.341920756327536
2024-09-27,129288.90285967807,-0.0001712110421243758,-0.01712110421243758,0.12617208905780286,12.617208905780286
2024-09-30,129993.58828293641,0.005435670995256941,0.5435670995256942,0.12581842403976,12.581842403976001
2024-10-01,129203.7838070784,-0.006094250986620006,-0.6094250986620006,0.1268020107229309,12.680201072293091
2024-10-02,128908.64827264266,-0.0022868767744568855,-0.22868767744568855,0.10587553437556135,10.587553437556135
2024-10-03,128283.64218226749,-0.00486023371530321,-0.486023371530321,0.10647494574076,10.647494574076
2024-10-04,128919.5487869756,0.0049447901328227494,0.49447901328227495,0.09881585195144998,9.881585195144998
2024-10-07,127098.85308481137,-0.014223402563489206,-1.4223402563489207,0.10853417007301891,10.853417007301891
2024-10-08,130430.3151174371,0.02587394593647952,2.5873945936479523,0.13925886772504975,13.925886772504976
2024-10-09,131624.243240059,0.009112120706126912,0.9112120706126912,0.14136195996726492,14.136195996726492
2024-10-10,132446.5831695204,0.00622819717637561,0.6228197176375609,0.14231554639525434,14.231554639525434
2024-10-11,133476.02259243233,0.007742437409297132,0.7742437409297133,0.14339194133483585,14.339194133483584
2024-10-14,134477.64197502157,0.00747609889505004,0.747609889505004,0.14400983537287834,14.400983537287834
2024-10-15,134325.70460650016,-0.0011304724188488213,-0.11304724188488213,0.1430970939656544,14.30970939656544
2024-10-16,134208.12098068482,-0.0008757454154842204,-0.08757454154842204,0.13318998118779027,13.318998118779026
2024-10-17,135863.23747429505,0.012257036246918434,1.2257036246918434,0.13413854987260762,13.413854987260763
2024-10-18,135462.80435500314,-0.0029516769368675734,-0.2951676936867573,0.13392855948027443,13.392855948027444
2024-10-21,134897.60428154696,-0.004181092192355892,-0.41810921923558914,0.1328499695340651,13.28499695340651
2024-10-22,133649.75555857955,-0.009293390222023992,-0.9293390222023992,0.138357973291133,13.8357973291133
2024-10-23,132904.22752895416,-0.00559383855395528,-0.559383855395528,0.14022395502108667,14.022395502108667
2024-10-24,133371.20438721494,0.0035074759518324452,0.3507475951832445,0.13717939870706292,13.717939870706292
2024-10-25,132189.5758316303,-0.008899178206159862,-0.8899178206159862,0.14171903401499417,14.171903401499417
2024-10-28,131747.8143555091,-0.003347474856247751,-0.33474748562477513,0.1424884850175498,14.24884850175498
2024-10-29,131559.2539697257,-0.0014322472937477752,-0.1432247293747775,0.1417162625908189,14.17162625908189
2024-10-30,131247.01162867455,-0.002376217989026259,-0.23762179890262589,0.1400891544415531,14.00891544415531
2024-10-31,130346.6343471602,-0.00688381274444563,-0.688381274444563,0.1422322879396785,14.223228793967849
2024-11-01,130426.38811566099,0.0006116719454656692,0.061167194546566925,0.14087688020892838,14.087688020892838
2024-11-04,130411.39403334368,-0.00011496863844108406,-0.011496863844108406,0.14008425505424832,14.008425505424832
2024-11-05,132979.74266420698,0.019502782594177585,1.9502782594177586,0.14394080305334875,14.394080305334874
2024-11-06,134876.2215053203,0.014160674284711686,1.4160674284711687,0.1239508316762142,12.395083167621419
2024-11-07,135318.83432437456,0.003276249549461533,0.3276249549461533,0.12110806587991964,12.110806587991965
2024-11-08,137268.30238633862,0.014303692559335156,1.4303692559335157,0.12825334599560512,12.825334599560511
2024-11-11,136907.8997549897,-0.0026289870244990497,-0.262898702449905,0.12712666591149918,12.712666591149919
2024-11-12,135697.1940580187,-0.008882546106369895,-0.8882546106369895,0.12957186989081423,12.957186989081423
2024-11-13,136600.73381938247,0.0066364300643889885,0.6636430064388988,0.13117683131139812,13.117683131139813
2024-11-14,134516.3680112966,-0.015376432263975446,-1.5376432263975446,0.14262838651988075,14.262838651988075
2024-11-15,133071.64736528872,-0.010798201720327664,-1.0798201720327665,0.140227013317751,14.0227013317751
2024-11-18,133780.71919650194,0.005314350471520091,0.5314350471520091,0.14168496761593263,14.168496761593264
2024-11-19,132603.9747122276,-0.008834983132244874,-0.8834983132244875,0.14406631815630425,14.406631815630424
2024-11-20,133356.40641423492,0.005658239067686715,0.5658239067686716,0.1422808172682534,14.228081726825339
2024-11-21,134481.1572707083,0.008398803010611187,0.8398803010611187,0.14372816642425762,14.372816642425763
2024-11-22,133928.20250821192,-0.0041202404060412395,-0.41202404060412395,0.14418645750926612,14.418645750926611
2024-11-25,135137.14457730675,0.008986294353419797,0.8986294353419797,0.1432759059263009,14.327590592630091
2024-11-26,136511.05964310066,0.010115485835677243,1.0115485835677243,0.14564008676015056,14.564008676015055
2024-11-27,136198.74674434782,-0.002290442279476874,-0.22904422794768742,0.14590210071133575,14.590210071133574
2024-11-28,136198.74674434782,0.0,0.0,0.1453067956117742,14.53067956117742
2024-11-29,136413.07696967307,0.0015724209358665114,0.15724209358665114,0.14187824589987516,14.187824589987516
2024-12-02,135635.28493030366,-0.005718058018599078,-0.5718058018599078,0.1444236291696629,14.442362916966289
2024-12-03,134923.9447514598,-0.005258307533726732,-0.5258307533726733,0.14639751524793385,14.639751524793384
2024-12-04,136978.68224199713,0.015114062174272965,1.5114062174272964,0.14030533995683578,14.030533995683578
2024-12-05,135871.9431635952,-0.008112461875281411,-0.8112461875281411,0.1359502004640585,13.595020046405851
2024-12-06,135721.30976700626,-0.001109257394350771,-0.1109257394350771,0.13560930461241813,13.560930461241814
2024-12-09,134738.29826316354,-0.007269224707224456,-0.7269224707224456,0.1275751974392158,12.75751974392158
2024-12-10,134768.2699954079,0.00022241930919590378,0.02224193091959038,0.12746663896158733,12.746663896158733
2024-12-11,135657.8013122189,0.006578763066441766,0.6578763066441766,0.12628442673913073,12.628442673913073
2024-12-12,135253.03337235525,-0.002988202679512168,-0.2988202679512168,0.12428355119757677,12.428355119757677
2024-12-13,134562.10289329174,-0.005121521341488829,-0.5121521341488829,0.11338755096674297,11.338755096674296
2024-12-16,135621.6847490984,0.007843455724358019,0.7843455724358019,0.10930050466010714,10.930050466010714
2024-12-17,135071.78999877215,-0.004062864886258417,-0.40628648862584166,0.10935980866107864,10.935980866107863
2024-12-18,130587.65977775438,-0.033761691170309735,-3.3761691170309733,0.15891087199241596,15.891087199241596
2024-12-19,127739.77788794684,-0.02204951434349687,-2.2049514343496868,0.17321968974991936,17.321968974991936
2024-12-20,128229.38444551057,0.0038255167161468846,0.38255167161468845,0.170446350302615,17.044635030261503
2024-12-23,129097.76639418805,0.006749270275337447,0.6749270275337447,0.1730954705965233,17.30954705965233
2024-12-24,130062.80615218589,0.007447461695122958,0.7447461695122958,0.17197136255480705,17.197136255480704
2024-12-25,130062.80615218589,0.0,0.0,0.1666100507168844,16.66100507168844
2024-12-26,130388.19957346012,0.0024986932929381375,0.24986932929381375,0.167438941305413,16.7438941305413
2024-12-27,129535.06660673679,-0.006564522237096392,-0.6564522237096392,0.16795673920622228,16.795673920622228
2024-12-30,127803.66935643477,-0.013456375851610133,-1.3456375851610132,0.1715215708281185,17.15215708281185
2024-12-31,127649.13414214698,-0.0012098926378772182,-0.12098926378772182,0.17136687275421295,17.136687275421295
2025-01-01,127649.13414214698,0.0,0.0,0.1714192029217334,17.14192029217334
2025-01-02,127128.94271853437,-0.004083492213046643,-0.4083492213046643,0.15880299153150024,15.880299153150023
2025-01-03,128340.39323223279,0.009484187916245876,0.9484187916245876,0.16405026060989433,16.40502606098943
2025-01-06,127173.13246398194,-0.009136650477861804,-0.9136650477861804,0.16541105384622082,16.54110538462208
2025-01-07,127166.40913395767,-5.286893247976206e-05,-0.005286893247976206,0.16500650573920375,16.500650573920375
2025-01-08,127552.3509836939,0.003030339382136976,0.3030339382136976,0.1659288492594561,16.59288492594561
2025-01-09,127552.3509836939,0.0,0.0,0.1628700430081266,16.28700430081266
2025-01-10,126241.00452253906,-0.010334061967217903,-1.0334061967217902,0.16487653388690535,16.487653388690536
2025-01-13,125663.21659354416,-0.004587370070102968,-0.4587370070102968,0.16481187762482297,16.481187762482296
2025-01-14,126192.80511276974,0.004205492456920186,0.42054924569201857,0.1621851330943189,16.218513309431888
2025-01-15,127715.84155965832,0.011996871581288865,1.1996871581288866,0.17071444411376296,17.071444411376298
2025-01-16,128145.89592457557,0.003361618459490645,0.3361618459490645,0.12880766731955318,12.880766731955317
2025-01-17,128326.62854772611,0.0014093724342491222,0.14093724342491223,0.10340078243036538,10.340078243036539
2025-01-20,128326.62854772611,0.0,0.0,0.10256503739127877,10.256503739127877
2025-01-21,130155.37877446132,0.014150158917001712,1.4150158917001712,0.11148491957340842,11.148491957340841
2025-01-22,131309.95268407976,0.008831621444124162,0.8831621444124163,0.1126858452344017,11.26858452344017
2025-01-23,132076.3004761468,0.005819209965998515,0.5819209965998515,0.11418326522947587,11.418326522947588
2025-01-24,132224.1567447102,0.0011188500053485237,0.11188500053485237,0.11401411364454869,11.40141136445487
2025-01-27,133273.78294379657,0.007906891245717312,0.7906891245717312,0.11347033398018815,11.347033398018814
2025-01-28,134160.18393485236,0.006628957774748092,0.6628957774748092,0.10109305993795134,10.109305993795134
2025-01-29,131901.67276539246,-0.01697774680955999,-1.697774680955999,0.12084077010318928,12.084077010318929
2025-01-30,132932.65250642155,0.007785886124343004,0.7785886124343004,0.12257139512238067,12.257139512238068
2025-01-31,133281.04200238458,0.002617368693192994,0.2617368693192994,0.12061052027547485,12.061052027547484
2025-02-03,132918.1060258562,-0.00272680212614766,-0.272680212614766,0.11878650514072846,11.878650514072845
2025-02-04,133879.90183622672,0.007209948713802199,0.7209948713802199,0.11342657504463263,11.342657504463263
2025-02-05,135227.05181932205,0.010012087894298506,1.0012087894298507,0.11596157893136254,11.596157893136255
2025-02-06,134415.9704061789,-0.006015982558510435,-0.6015982558510435,0.12002279329209249,12.00227932920925
2025-02-07,134075.37727298724,-0.002537089696413457,-0.2537089696413457,0.12100530015859635,12.100530015859636
2025-02-10,134024.04251037043,-0.00038295318420058697,-0.0382953184200587,0.11244353596188203,11.244353596188203
2025-02-11,132542.6797834172,-0.0111145004435003,-1.11145004435003,0.11990801087787135,11.990801087787135
2025-02-12,133772.50641339095,0.00923593873713901,0.923593873713901,0.12203676317213112,12.203676317213112
2025-02-13,135402.49318305525,0.01211112990328686,1.2111129903286861,0.12214611475044711,12.21461147504471
2025-02-14,134707.17626522956,-0.005148415864527973,-0.5148415864527972,0.12515847966594273,12.515847966594274
2025-02-17,134707.17626522956,0.0,0.0,0.1253908931101032,12.53908931101032
2025-02-18,136086.52232157163,0.010187519083359657,1.0187519083359657,0.12796518578922897,12.796518578922896
2025-02-19,136415.36289171502,0.00241349324617926,0.24134932461792602,0.12111925616481467,12.111925616481468
2025-02-20,136180.94582023702,-0.0017198848390099337,-0.17198848390099336,0.11938328672381945,11.938328672381946
2025-02-21,134555.99384983978,-0.012004061839193775,-1.2004061839193776,0.1273960426282969,12.73960426282969
2025-02-24,134475.10797842967,-0.0006013124378381332,-0.060131243783813314,0.1274957038615717,12.749570386157169
2025-02-25,134103.03541855759,-0.002770685605240581,-0.2770685605240581,0.12534762483042378,12.534762483042378
2025-02-26,134298.5245380123,0.001456691638115317,0.14566916381153172,0.12331881052496912,12.331881052496913
2025-02-27,133790.93440387995,-0.0037867265850446584,-0.37867265850446585,0.10786850955558631,10.78685095555863
2025-02-28,135421.34699510472,0.012112616234292358,1.2112616234292357,0.11240705393906444,11.240705393906444
2025-03-03,134661.98572687685,-0.005623177568927574,-0.5623177568927574,0.11441204540158266,11.441204540158266
2025-03-04,133575.25241001253,-0.008102821742879048,-0.8102821742879048,0.1177830578663734,11.77830578663734
2025-03-05,134720.87112870722,0.008540009197608809,0.8540009197608809,0.11886069808746764,11.886069808746765
2025-03-06,132917.79822262694,-0.01347413802137252,-1.347413802137252,0.12246590296804508,12.246590296804508
2025-03-07,132483.45867832343,-0.0032730811988909547,-0.3273081198890955,0.12136326341088026,12.136326341088026
2025-03-10,131110.76844449138,-0.01041527090838671,-1.0415270908386711,0.1258595027087633,12.585950270876332
2025-03-11,131110.67544252565,-7.093391322143461e-07,-7.093391322143461e-05,0.1258925539131915,12.589255391319151
2025-03-12,131480.99929934446,0.002820531935668023,0.2820531935668023,0.12101100829263749,12.101100829263748
2025-03-13,131236.5468979948,-0.0018609527641819286,-0.18609527641819285,0.11589438581707634,11.589438581707634
2025-03-14,133530.75690114126,0.01733044368401479,1.7330443684014791,0.12438333097041054,12.438333097041054
2025-03-17,135453.36644082746,0.014295581897653526,1.4295581897653526,0.13345473682685244,13.345473682685244
2025-03-18,134974.7309006836,-0.003539839570243487,-0.3539839570243487,0.1341044276390896,13.41044276390896
2025-03-19,135958.7585673175,0.007264011514300213,0.7264011514300214,0.1316927578050583,13.16927578050583
2025-03-20,135385.47631654676,-0.004225504212437889,-0.4225504212437889,0.13213868019830743,13.213868019830743
2025-03-21,134429.7685795967,-0.007084193735811789,-0.7084193735811789,0.13412551165202174,13.412551165202174
2025-03-24,136282.93032703208,0.01369119884360509,1.369119884360509,0.13615729444583055,13.615729444583055
2025-03-25,136925.12467977268,0.004701146424644831,0.47011464246448315,0.13680171235948838,13.680171235948837
2025-03-26,135657.4804844896,-0.009301058173765598,-0.9301058173765598,0.14079738889797208,14.079738889797207
2025-03-27,134285.9424679153,-0.010161757628976293,-1.0161757628976293,0.14552644951027446,14.552644951027446
2025-03-28,132564.95837232398,-0.012898648277760062,-1.289864827776006,0.15179841313546627,15.179841313546627
2025-03-31,132582.42770518883,0.00013177073437197688,0.013177073437197689,0.1448305507461663,14.48305507461663
2025-04-01,132430.41942063207,-0.0011471768472795807,-0.11471768472795807,0.14386046227030636,14.386046227030636
2025-04-02,133290.85570298016,0.006476254408343404,0.6476254408343404,0.14339405873634803,14.339405873634803
2025-04-03,130654.59393409423,-0.019976471961825417,-1.9976471961825417,0.155274645540411,15.527464554041101
2025-04-04,123813.53972882642,-0.0537804314609032,-5.37804314609032,0.23623918695349083,23.623918695349083
2025-04-07,122960.13428957033,-0.00691653066136009,-0.691653066136009,0.23655558837025445,23.655558837025445
2025-04-08,121818.87434658596,-0.009324886304948071,-0.9324886304948071,0.23618686276629533,23.618686276629532
2025-04-09,129133.44095225667,0.05831099063318105,5.831099063318105,0.31895115817364056,31.895115817364054
2025-04-10,126440.6772649358,-0.021073051951596058,-2.1073051951596056,0.326261700198755,32.6261700198755
2025-04-11,128175.71676914432,0.013628866020927694,1.3628866020927695,0.3306449454450146,33.06449454450146
2025-04-14,129910.30930059479,0.01344217412085502,1.344217412085502,0.3281756818543277,32.81756818543277
2025-04-15,130811.08474951638,0.0069098973353304794,0.6909897335330479,0.32472997690349087,32.47299769034909
2025-04-16,129115.68346059338,-0.013045407708654255,-1.3045407708654255,0.3270840475184367,32.70840475184367
2025-04-17,129178.11682279164,0.00048342905130258616,0.048342905130258615,0.32547409442628494,32.54740944262849
2025-04-18,129178.11682279164,0.0,0.0,0.3255105385664177,32.55105385664177
2025-04-21,125798.78740855203,-0.026508497388266997,-2.6508497388267,0.3359440775760016,33.59440775760016
2025-04-22,128903.60567493193,0.024381177028438318,2.4381177028438317,0.34462908922971097,34.462908922971096
2025-04-23,129631.35267602201,0.005629791250401202,0.5629791250401202,0.3448936190140166,34.48936190140166
2025-04-24,132375.3058984437,0.020946441309438193,2.0946441309438195,0.3533097998020987,35.33097998020987
2025-04-25,133130.8023616796,0.005691006562844182,0.5691006562844182,0.35249104886546395,35.2491048865464
2025-04-28,133735.14699902365,0.004529207805676763,0.45292078056767626,0.3498721555040648,34.98721555040648
2025-04-29,135539.13573576263,0.013399094101163559,1.3399094101163558,0.3527420059027036,35.27420059027036
2025-04-30,135952.6358034119,0.0030461356897993476,0.30461356897993475,0.3527119514331005,35.27119514331005
2025-05-01,134865.0123244404,-0.008032189437552269,-0.803218943755227,0.35358289046511954,35.358289046511956
2025-05-02,136572.4658662324,0.012580989733707453,1.2580989733707453,0.3476957929332305,34.76957929332305
2025-05-05,136352.41267437537,-0.0016125553721451293,-0.16125553721451294,0.2829764755481524,28.297647554815242
2025-05-06,132856.90307640846,-0.025970171560805742,-2.5970171560805744,0.29993132696648783,29.993132696648782
2025-05-07,132343.8450450001,-0.003869209835311311,-0.38692098353113114,0.29753513288931327,29.753513288931327
2025-05-08,132152.78225841786,-0.0014447278346265136,-0.14447278346265136,0.22251080226703515,22.251080226703515
2025-05-09,131184.2813742333,-0.007355631885421841,-0.7355631885421842,0.2100097766284979,21.00097766284979
2025-05-12,134349.87424749407,0.023844336320545653,2.384433632054565,0.2200303900169788,22.00303900169788
2025-05-13,133699.888806243,-0.004849746612863202,-0.4849746612863202,0.2174049381205747,21.740493812057473
2025-05-14,132442.4787925165,-0.009449223594184649,-0.9449223594184649,0.21952723942142638,21.952723942142637
2025-05-15,134307.66596807717,0.013984753976747465,1.3984753976747466,0.21833857064164264,21.833857064164263
2025-05-16,135546.38850728373,0.009180749514399459,0.9180749514399459,0.21971331845038616,21.971331845038616
2025-05-19,135900.50841234968,0.002609129888574696,0.2609129888574696,0.2195562934594694,21.95562934594694
2025-05-20,136223.89229388715,0.0023767367639788905,0.23767367639788906,0.19277721604756468,19.27772160475647
2025-05-21,132269.60137368532,-0.029457524689428742,-2.945752468942874,0.20978854613272419,20.978854613272418
2025-05-22,132463.9524724254,0.0014682772986822847,0.14682772986822848,0.2091826545852327,20.91826545852327
2025-05-23,132620.6460874565,0.0011822160482534106,0.11822160482534107,0.19627784091649783,19.627784091649783
2025-05-26,132620.6460874565,0.0,0.0,0.19521813548456127,19.521813548456127
2025-05-27,134586.95494506045,0.0147177276667145,1.47177276667145,0.20140906071937137,20.140906071937138
2025-05-28,134396.69668468295,-0.0014146457671598029,-0.14146457671598028,0.19572908005930673,19.57290800593067
2025-05-29,134925.71036802584,0.003928483853140637,0.3928483853140637,0.19594874084239766,19.594874084239766
2025-05-30,135554.15046376782,0.004646861504966587,0.46468615049665873,0.19461240956193235,19.461240956193233
2025-06-02,135983.2020144901,0.0031601686020177474,0.3160168602017747,0.1897626041728317,18.976260417283168
2025-06-03,136457.6135188777,0.0034826792231724473,0.34826792231724474,0.19010725680239904,19.010725680239904
2025-06-04,135820.3391299232,-0.004681066141695996,-0.46810661416959964,0.1662141963662693,16.62141963662693
2025-06-05,136096.4772696336,0.002031049335549877,0.2031049335549877,0.16526772911257218,16.52677291125722
2025-06-06,137386.82328850002,0.00943644888951157,0.9436448889511571,0.16725123828443966,16.725123828443966
2025-06-09,136297.25892547978,-0.00796224691252398,-0.7962246912523979,0.16768455571841492,16.768455571841493
2025-06-10,136268.56604407725,-0.00021053909830204702,-0.021053909830204703,0.14734794591832126,14.734794591832125
2025-06-11,136111.54953092738,-0.0011529221229014538,-0.11529221229014538,0.14615302448986534,14.615302448986533
2025-06-12,137347.0847653669,0.009036420774247603,0.9036420774247603,0.14374617037802792,14.374617037802793
2025-06-13,135949.74444210337,-0.010225896171784786,-1.0225896171784785,0.14220074561140125,14.220074561140125
2025-06-16,136103.57143329183,0.0011308592735719456,0.11308592735719455,0.13875758415701947,13.875758415701947
2025-06-17,135270.73713276355,-0.0061379201267434125,-0.6137920126743412,0.14014184728172432,14.014184728172433
2025-06-18,135466.43004183352,0.0014456304259433217,0.14456304259433217,0.13996136468091586,13.996136468091585
2025-06-19,135466.43004183352,0.0,0.0,0.09128002827966641,9.128002827966641
2025-06-20,135022.77899463745,-0.0032803633580240675,-0.32803633580240676,0.09253659930565808,9.253659930565808
2025-06-23,136503.6994148242,0.01090821869968827,1.090821869968827,0.09881606549901506,9.881606549901505
2025-06-24,137110.37695214438,0.004434556434981829,0.44345564349818295,0.09923218392643737,9.923218392643737
2025-06-25,137314.25896262398,0.0014858873534580133,0.14858873534580133,0.08700076225224478,8.700076225224478
2025-06-26,137363.4230246204,0.00035797639011482134,0.035797639011482134,0.08660815472792609,8.660815472792608
2025-06-27,137346.55400609554,-0.0001228132937026513,-0.01228132937026513,0.08604073286665881,8.60407328666588
2025-06-30,138480.24552337627,0.008220360771648439,0.822036077164844,0.08887322145270239,8.88732214527024
2025-07-01,137773.56132578637,-0.005116206340377477,-0.5116206340377477,0.09095842894300318,9.095842894300318
2025-07-02,137559.59452793456,-0.0015542395557917106,-0.15542395557917107,0.09063600204922216,9.063600204922215
2025-07-03,138893.88770664818,0.009653005842117444,0.9653005842117445,0.09408099697691043,9.408099697691043
2025-07-04,138893.88770664818,0.0,0.0,0.09408145971488571,9.40814597148857
2025-07-07,138457.19018311094,-0.0031490621038078033,-0.3149062103807803,0.08981384846981379,8.98138484698138
2025-07-08,138741.7779481588,0.002053311142921073,0.2053311142921073,0.08466039757859703,8.466039757859702
2025-07-09,140278.1897066835,0.011013027492446818,1.1013027492446819,0.09154256376570631,9.15425637657063
2025-07-10,139500.9409203562,-0.0055561741444131365,-0.5556174144413136,0.09430730241809615,9.430730241809615
2025-07-11,137719.26603484005,-0.012854037132735214,-1.2854037132735214,0.10151572553791405,10.151572553791405
2025-07-14,138580.7592649105,0.006235946021910456,0.6235946021910456,0.09623823341997303,9.623823341997303
2025-07-15,136972.15649905984,-0.011675587137138649,-1.167558713713865,0.10563840653059309,10.563840653059309
2025-07-16,137528.73991173314,0.00405524486588076,0.405524486588076,0.10369104931953618,10.369104931953618
2025-07-17,138522.23455400017,0.0071979382331492205,0.719793823314922,0.10603860154566462,10.603860154566462
2025-07-18,138211.4199188711,-0.0022463098419761717,-0.22463098419761718,0.10660612555826163,10.660612555826162
2025-07-21,138250.5537815729,0.0002831048511978783,0.02831048511978783,0.10553145645289864,10.553145645289865
2025-07-22,138730.74143660616,0.0034672964882245796,0.34672964882245794,0.09983398775840645,9.983398775840644
2025-07-23,139672.25771059666,0.006763719257606463,0.6763719257606463,0.10122736251927834,10.122736251927835
2025-07-24,140392.28743082518,0.005141895460384375,0.5141895460384375,0.10228907478622372,10.228907478622371
2025-07-25,142144.4823537231,0.012403464428231984,1.2403464428231985,0.10950985168831154,10.950985168831155
2025-07-28,140996.32578323226,-0.008110189918502016,-0.8110189918502017,0.11450170722842627,11.450170722842627
2025-07-29,141291.75690180232,0.002093118658220159,0.2093118658220159,0.11173502747824886,11.173502747824886
2025-07-30,139998.73950634658,-0.0091935313792407,-0.9193531379240699,0.11536132715635394,11.536132715635395
2025-07-31,137215.47948467138,-0.020080885882767952,-2.008088588276795,0.13604743598845245,13.604743598845245
2025-08-01,136956.87178642597,-0.0018864613717577388,-0.1886461371757739,0.13139669406672802,13.139669406672802
2025-08-04,138487.9159239862,0.01111700038646165,1.1117000386461648,0.1376063169393052,13.76063169393052
2025-08-05,131898.9218139012,-0.04874718675388729,-4.8747186753887295,0.21758699248951516,21.758699248951515
2025-08-06,132858.4182685498,0.007248151495989707,0.7248151495989708,0.21963431428428312,21.96343142842831
2025-08-07,131352.64818659134,-0.011398359689648264,-1.1398359689648263,0.21652105334756855,21.652105334756854
2025-08-08,130924.94747152776,-0.0032614382720004844,-0.3261438272000484,0.21634299087507136,21.634299087507138
2025-08-11,131433.72178681075,0.003878468773238892,0.3878468773238892,0.21451793236661357,21.451793236661356
2025-08-12,133363.506139831,0.014575821159211216,1.4575821159211215,0.22052363802317596,22.052363802317597
2025-08-13,134550.60686011545,0.008861858569656444,0.8861858569656443,0.22044326230836542,22.044326230836543
2025-08-14,133773.58267883182,-0.0057916981293716805,-0.5791698129371681,0.22032187279931575,22.032187279931577
2025-08-15,134136.08269380205,0.002706137799747804,0.2706137799747804,0.21867752876481275,21.867752876481276
2025-08-18,133549.8352095214,-0.004380121495803978,-0.43801214958039775,0.21889015285392863,21.889015285392862
2025-08-19,134968.67412971312,0.010568002396823583,1.0568002396823584,0.22288802379137126,22.288802379137127
2025-08-20,136566.02596871977,0.011765496378604239,1.1765496378604239,0.2268693270136931,22.68693270136931
2025-08-21,136062.92772266048,-0.0036907218424426674,-0.36907218424426674,0.22539304270417387,22.539304270417386
2025-08-22,137210.97588869155,0.008402228716004401,0.8402228716004401,0.22683578288176887,22.683578288176886
2025-08-25,135700.38631404954,-0.01107029761972185,-1.107029761972185,0.22379433809223181,22.37943380922318
2025-08-26,135799.56156972158,0.0007305729585305241,0.07305729585305241,0.22295103631277463,22.295103631277463
2025-08-27,136136.88004994192,0.002480863919662063,0.2480863919662063,0.22304011876924734,22.304011876924733
2025-08-28,136831.4255331329,0.005088847077370355,0.5088847077370355,0.2225372249683036,22.25372249683036
2025-08-29,136592.33149255224,-0.001748890470403624,-0.1748890470403624,0.2116182271428158,21.16182271428158
2025-09-01,136592.33149255224,0.0,0.0,0.21153156436696133,21.153156436696133
2025-09-02,137026.3917083083,0.0031727403358411577,0.31727403358411577,0.20797105051020906,20.797105051020907
2025-09-03,136898.2031431758,-0.0009359405975180949,-0.0935940597518095,0.11206658776172207,11.206658776172207
2025-09-04,137286.72511724284,0.0028340159801726245,0.28340159801726245,0.11037904869396535,11.037904869396534
2025-09-05,137058.95895250692,-0.0016604322961243534,-0.16604322961243534,0.10070358551516408,10.070358551516408
2025-09-08,137133.54693356177,0.000544055590823871,0.0544055590823871,0.09903549859611442,9.903549859611442
2025-09-09,136908.9177357033,-0.001639375477359897,-0.1639375477359897,0.0997038923988253,9.970389239882529
2025-09-10,135907.05674183078,-0.007344624884563465,-0.7344624884563465,0.09342855381733177,9.342855381733177
2025-09-11,137623.76587485016,0.01255238190165285,1.255238190165285,0.09814697538620627,9.814697538620628
2025-09-12,136202.49144017862,-0.010380941638665713,-1.0380941638665713,0.10334280025507571,10.33428002550757
2025-09-15,135972.81062186958,-0.0016877422094430797,-0.16877422094430797,0.10347292152805218,10.347292152805219
2025-09-16,135343.51725128383,-0.004638825123300888,-0.46388251233008876,0.10363506242314856,10.363506242314855
2025-09-17,135560.4864669534,0.0016018165777068303,0.16018165777068302,0.09726594554385051,9.726594554385052
2025-09-18,135552.20698899697,-6.107775960968182e-05,-0.006107775960968182,0.08771946300287227,8.771946300287228
2025-09-19,135604.98923362035,0.00038931104189988833,0.03893110418998883,0.08689924040193099,8.6899240401931
2025-09-22,135386.9998904037,-0.0016088253452813271,-0.1608825345281327,0.0812030156749604,8.120301567496039
2025-09-23,134647.99264179345,-0.00547343206626128,-0.547343206626128,0.07415080445810866,7.415080445810866
2025-09-24,133689.03523236688,-0.007147440660384614,-0.7147440660384614,0.0776173958951798,7.76173958951798
2025-09-25,134141.1884865947,0.003376420162765575,0.3376420162765575,0.07814669314084602,7.814669314084602
2025-09-26,135429.28168531417,0.009556707019247383,0.9556707019247382,0.0836575040345966,8.36575040345966
2025-09-29,136681.0497787317,0.009200510078296364,0.9200510078296364,0.08994456034741945,8.994456034741944
2025-09-30,137369.45530143302,0.00502394236015319,0.5023942360153191,0.0915914266698662,9.15914266698662
2025-10-01,138250.62435106758,0.006394106357782271,0.6394106357782271,0.09353685464450542,9.353685464450542
2025-10-02,139098.05622316446,0.006110968384951607,0.6110968384951607,0.09541293721697214,9.541293721697214
2025-10-03,139034.2053055885,-0.0004591406861377055,-0.04591406861377055,0.09519231387386173,9.519231387386174
2025-10-06,139524.73795184793,0.0035219343351265723,0.35219343351265725,0.09533287132850199,9.533287132850198
2025-10-07,139810.58653275,0.0020466346761378634,0.20466346761378634,0.09541435661916838,9.541435661916838
2025-10-08,141040.12945898031,0.008755902773516571,0.8755902773516572,0.09864085655320937,9.864085655320936
2025-10-09,139685.3802098564,-0.0096518465163063,-0.96518465163063,0.10150486409175873,10.150486409175873
2025-10-10,137196.8343887014,-0.01797596740433884,-1.797596740433884,0.11329088820272408,11.329088820272409
2025-10-13,137668.4663104385,0.003431734623446904,0.34317346234469037,0.1075286577114071,10.75286577114071
2025-10-14,137864.43025645544,0.0014224361700558056,0.14224361700558055,0.10726721538160927,10.726721538160927
2025-10-15,136853.72647228066,-0.007358147392665692,-0.7358147392665693,0.10935245869617605,10.935245869617605
2025-10-16,135895.7606281748,-0.00702453957625836,-0.7024539576258361,0.11232802949608324,11.232802949608324
2025-10-17,137371.60778857046,0.010801593460546656,1.0801593460546657,0.11825666533926098,11.825666533926098
2025-10-20,138363.2639590498,0.007192854785806558,0.7192854785806558,0.12040760625159629,12.040760625159628
2025-10-21,140336.71901178293,0.014162096570062586,1.4162096570062586,0.12830503014483147,12.830503014483147
2025-10-22,138980.75467189218,-0.009709202751012691,-0.9709202751012691,0.13207663670723865,13.207663670723866
2025-10-23,139276.65201828443,0.002126789446119539,0.21267894461195389,0.1282710656794125,12.827106567941248
2025-10-24,139167.73378368566,-0.0007823338929266953,-0.07823338929266953,0.12849707543916578,12.849707543916578
2025-10-27,140632.4249250056,0.010469647531422663,1.0469647531422663,0.12923258582835417,12.923258582835418
2025-10-28,140595.24033653733,-0.0002644447419521841,-0.026444474195218413,0.1265298507952525,12.65298507952525
2025-10-29,139045.11935999707,-0.011086646117783974,-1.1086646117783974,0.13278034779720752,13.278034779720752
2025-10-30,139866.7056999461,0.005891386757105753,0.5891386757105753,0.1325140134403554,13.251401344035541
2025-10-31,140516.23589704384,0.004633173154649915,0.46331731546499155,0.13183021111490348,13.183021111490348
2025-11-03,140466.8812429278,-0.00035129978716138,-0.035129978716137995,0.13182102885106967,13.182102885106966
2025-11-04,140114.8659549889,-0.0025091829824642224,-0.25091829824642226,0.1317277244707111,13.17277244707111
2025-11-05,139245.20180651548,-0.006226136504057317,-0.6226136504057317,0.13337424109520338,13.337424109520338
2025-11-06,138699.1055446013,-0.003929542359198547,-0.3929542359198547,0.12984230078117648,12.984230078117648
2025-11-07,139127.82164642564,0.003086212315283715,0.3086212315283715,0.12634766323795255,12.634766323795255
2025-11-10,141129.32965185927,0.01428361078583812,1.4283610785838121,0.11829334889699022,11.829334889699023
2025-11-11,142276.18046691926,0.0080933999819907,0.80933999819907,0.12041238570770559,12.041238570770558
2025-11-12,142278.24434138928,1.4506008623480598e-05,0.0014506008623480597,0.12053250109136221,12.05325010913622
2025-11-13,141433.550788266,-0.005954606495072766,-0.5954606495072766,0.11932474115733623,11.932474115733623
2025-11-14,141582.61096699495,0.0010533687658500252,0.10533687658500251,0.11520591494504508,11.520591494504508
2025-11-17,141582.61096699495,0.0,0.0,0.1107414882862632,11.07414882862632
